competition,competition_code,season,match_id,utc_date,status,home_team,away_team,home_team_id,away_team_id,stage,group,matchday,last_updated,fetched_at
Premier League,PL,,560593,2026-10-10T11:30:00Z,TIMED,Arsenal FC,Leeds United FC,57,341,REGULAR_SEASON,,6,2026-10-03T12:10:55.360418+00:00,2026-10-03T12:10:55.360433+00:00
Premier League,PL,,560592,2026-10-10T14:00:00Z,TIMED,Sunderland AFC,Brighton & Hove Albion FC,71,397,REGULAR_SEASON,,6,2026-10-03T12:10:55.360438+00:00,2026-10-03T12:10:55.360440+00:00
Premier League,PL,,560595,2026-10-10T14:00:00Z,TIMED,Chelsea FC,AFC Bournemouth,61,1044,REGULAR_SEASON,,6,2026-10-03T12:10:55.360443+00:00,2026-10-03T12:10:55.360444+00:00
Premier League,PL,,560599,2026-10-10T14:00:00Z,TIMED,Ipswich Town FC,Fulham FC,349,63,REGULAR_SEASON,,6,2026-10-03T12:10:55.360447+00:00,2026-10-03T12:10:55.360449+00:00
Premier League,PL,,560601,2026-10-10T14:00:00Z,TIMED,Aston Villa FC,Brentford FC,58,402,REGULAR_SEASON,,6,2026-10-03T12:10:55.360453+00:00,2026-10-03T12:10:55.360455+00:00
Premier League,PL,,560600,2026-10-10T16:30:00Z,TIMED,Manchester United FC,Tottenham Hotspur FC,66,73,REGULAR_SEASON,,6,2026-10-03T12:10:55.360457+00:00,2026-10-03T12:10:55.360459+00:00
Premier League,PL,,560594,2026-10-11T13:00:00Z,TIMED,Hull City AFC,Everton FC,322,62,REGULAR_SEASON,,6,2026-10-03T12:10:55.360461+00:00,2026-10-03T12:10:55.360463+00:00
Premier League,PL,,560596,2026-10-11T13:00:00Z,TIMED,Crystal Palace FC,Nottingham Forest FC,354,351,REGULAR_SEASON,,6,2026-10-03T12:10:55.360469+00:00,2026-10-03T12:10:55.360471+00:00
Premier League,PL,,560598,2026-10-11T15:30:00Z,TIMED,Liverpool FC,Manchester City FC,64,65,REGULAR_SEASON,,6,2026-10-03T12:10:55.360474+00:00,2026-10-03T12:10:55.360475+00:00
Premier League,PL,,560597,2026-10-12T19:00:00Z,TIMED,Coventry City FC,Newcastle United FC,1076,67,REGULAR_SEASON,,6,2026-10-03T12:10:55.360478+00:00,2026-10-03T12:10:55.360479+00:00
Premier League,PL,,560603,2026-10-17T11:30:00Z,TIMED,Everton FC,Chelsea FC,62,61,REGULAR_SEASON,,7,2026-10-03T12:10:55.360482+00:00,2026-10-03T12:10:55.360483+00:00
Premier League,PL,,560602,2026-10-17T14:00:00Z,TIMED,Fulham FC,Hull City AFC,63,322,REGULAR_SEASON,,7,2026-10-03T12:10:55.360485+00:00,2026-10-03T12:10:55.360487+00:00
Premier League,PL,,560610,2026-10-17T14:00:00Z,TIMED,Manchester City FC,Ipswich Town FC,65,349,REGULAR_SEASON,,7,2026-10-03T12:10:55.360489+00:00,2026-10-03T12:10:55.360491+00:00
Premier League,PL,,560611,2026-10-17T14:00:00Z,TIMED,Brentford FC,Liverpool FC,402,64,REGULAR_SEASON,,7,2026-10-03T12:10:55.360493+00:00,2026-10-03T12:10:55.360494+00:00
Premier League,PL,,560607,2026-10-17T16:30:00Z,TIMED,Newcastle United FC,Aston Villa FC,67,58,REGULAR_SEASON,,7,2026-10-03T12:10:55.360499+00:00,2026-10-03T12:10:55.360500+00:00
Premier League,PL,,560604,2026-10-18T13:00:00Z,TIMED,AFC Bournemouth,Sunderland AFC,1044,71,REGULAR_SEASON,,7,2026-10-03T12:10:55.360502+00:00,2026-10-03T12:10:55.360504+00:00
Premier League,PL,,560605,2026-10-18T13:00:00Z,TIMED,Leeds United FC,Manchester United FC,341,66,REGULAR_SEASON,,7,2026-10-03T12:10:55.360506+00:00,2026-10-03T12:10:55.360507+00:00
Premier League,PL,,560609,2026-10-18T13:00:00Z,TIMED,Brighton & Hove Albion FC,Crystal Palace FC,397,354,REGULAR_SEASON,,7,2026-10-03T12:10:55.360510+00:00,2026-10-03T12:10:55.360511+00:00
Premier League,PL,,560608,2026-10-18T15:30:00Z,TIMED,Nottingham Forest FC,Arsenal FC,351,57,REGULAR_SEASON,,7,2026-10-03T12:10:55.360513+00:00,2026-10-03T12:10:55.360515+00:00
Premier League,PL,,560606,2026-10-19T19:00:00Z,TIMED,Tottenham Hotspur FC,Coventry City FC,73,1076,REGULAR_SEASON,,7,2026-10-03T12:10:55.360517+00:00,2026-10-03T12:10:55.360519+00:00
Premier League,PL,,560620,2026-10-23T19:00:00Z,TIMED,Ipswich Town FC,Nottingham Forest FC,349,351,REGULAR_SEASON,,8,2026-10-03T12:10:55.360521+00:00,2026-10-03T12:10:55.360522+00:00
Premier League,PL,,560614,2026-10-24T11:30:00Z,TIMED,Aston Villa FC,Manchester City FC,58,65,REGULAR_SEASON,,8,2026-10-03T12:10:55.360524+00:00,2026-10-03T12:10:55.360526+00:00
Premier League,PL,,560616,2026-10-24T14:00:00Z,TIMED,Arsenal FC,Everton FC,57,62,REGULAR_SEASON,,8,2026-10-03T12:10:55.360530+00:00,2026-10-03T12:10:55.360532+00:00
Premier League,PL,,560618,2026-10-24T14:00:00Z,TIMED,Coventry City FC,Fulham FC,1076,63,REGULAR_SEASON,,8,2026-10-03T12:10:55.360534+00:00,2026-10-03T12:10:55.360536+00:00
Premier League,PL,,560617,2026-10-24T16:30:00Z,TIMED,Chelsea FC,Tottenham Hotspur FC,61,73,REGULAR_SEASON,,8,2026-10-03T12:10:55.360540+00:00,2026-10-03T12:10:55.360543+00:00
Premier League,PL,,560612,2026-10-25T14:00:00Z,TIMED,Liverpool FC,Brighton & Hove Albion FC,64,397,REGULAR_SEASON,,8,2026-10-03T12:10:55.360546+00:00,2026-10-03T12:10:55.360547+00:00
Premier League,PL,,560613,2026-10-25T14:00:00Z,TIMED,Crystal Palace FC,Newcastle United FC,354,67,REGULAR_SEASON,,8,2026-10-03T12:10:55.360550+00:00,2026-10-03T12:10:55.360551+00:00
Premier League,PL,,560615,2026-10-25T14:00:00Z,TIMED,Manchester United FC,AFC Bournemouth,66,1044,REGULAR_SEASON,,8,2026-10-03T12:10:55.360554+00:00,2026-10-03T12:10:55.360555+00:00
Premier League,PL,,560619,2026-10-25T14:00:00Z,TIMED,Hull City AFC,Brentford FC,322,402,REGULAR_SEASON,,8,2026-10-03T12:10:55.360557+00:00,2026-10-03T12:10:55.360559+00:00
Premier League,PL,,560621,2026-10-25T16:30:00Z,TIMED,Sunderland AFC,Leeds United FC,71,341,REGULAR_SEASON,,8,2026-10-03T12:10:55.360561+00:00,2026-10-03T12:10:55.360562+00:00
Premier League,PL,,560626,2026-10-31T12:30:00Z,TIMED,Chelsea FC,Manchester United FC,61,66,REGULAR_SEASON,,9,2026-10-03T12:10:55.360565+00:00,2026-10-03T12:10:55.360566+00:00
Premier League,PL,,560623,2026-10-31T15:00:00Z,TIMED,Manchester City FC,Brighton & Hove Albion FC,65,397,REGULAR_SEASON,,9,2026-10-03T12:10:55.360568+00:00,2026-10-03T12:10:55.360570+00:00
Premier League,PL,,560624,2026-10-31T15:00:00Z,TIMED,AFC Bournemouth,Leeds United FC,1044,341,REGULAR_SEASON,,9,2026-10-03T12:10:55.360572+00:00,2026-10-03T12:10:55.360574+00:00
Premier League,PL,,560625,2026-10-31T15:00:00Z,TIMED,Coventry City FC,Sunderland AFC,1076,71,REGULAR_SEASON,,9,2026-10-03T12:10:55.360576+00:00,2026-10-03T12:10:55.360578+00:00
Premier League,PL,,560629,2026-10-31T15:00:00Z,TIMED,Hull City AFC,Ipswich Town FC,322,349,REGULAR_SEASON,,9,2026-10-03T12:10:55.360582+00:00,2026-10-03T12:10:55.360583+00:00
Premier League,PL,,560630,2026-10-31T15:00:00Z,TIMED,Brentford FC,Nottingham Forest FC,402,351,REGULAR_SEASON,,9,2026-10-03T12:10:55.360585+00:00,2026-10-03T12:10:55.360587+00:00
Premier League,PL,,560627,2026-10-31T17:30:00Z,TIMED,Tottenham Hotspur FC,Crystal Palace FC,73,354,REGULAR_SEASON,,9,2026-10-03T12:10:55.360589+00:00,2026-10-03T12:10:55.360590+00:00
Premier League,PL,,560628,2026-10-31T20:00:00Z,TIMED,Aston Villa FC,Fulham FC,58,63,REGULAR_SEASON,,9,2026-10-03T12:10:55.360593+00:00,2026-10-03T12:10:55.360594+00:00
Premier League,PL,,560631,2026-11-01T16:30:00Z,TIMED,Liverpool FC,Arsenal FC,64,57,REGULAR_SEASON,,9,2026-10-03T12:10:55.360596+00:00,2026-10-03T12:10:55.360597+00:00
Premier League,PL,,560622,2026-11-02T20:00:00Z,TIMED,Newcastle United FC,Everton FC,67,62,REGULAR_SEASON,,9,2026-10-03T12:10:55.360599+00:00,2026-10-03T12:10:55.360601+00:00
Premier League,PL,,560634,2026-11-06T20:00:00Z,TIMED,Everton FC,Coventry City FC,62,1076,REGULAR_SEASON,,10,2026-10-03T12:10:55.360603+00:00,2026-10-03T12:10:55.360604+00:00
Premier League,PL,,560632,2026-11-07T12:30:00Z,TIMED,Leeds United FC,Tottenham Hotspur FC,341,73,REGULAR_SEASON,,10,2026-10-03T12:10:55.360607+00:00,2026-10-03T12:10:55.360608+00:00
Premier League,PL,,560640,2026-11-07T15:00:00Z,TIMED,Arsenal FC,Hull City AFC,57,322,REGULAR_SEASON,,10,2026-10-03T12:10:55.360611+00:00,2026-10-03T12:10:55.360612+00:00
Premier League,PL,,560633,2026-11-07T15:00:00Z,TIMED,Fulham FC,Newcastle United FC,63,67,REGULAR_SEASON,,10,2026-10-03T12:10:55.360616+00:00,2026-10-03T12:10:55.360617+00:00
Premier League,PL,,560641,2026-11-07T17:30:00Z,TIMED,Nottingham Forest FC,Manchester City FC,351,65,REGULAR_SEASON,,10,2026-10-03T12:10:55.360621+00:00,2026-10-03T12:10:55.360623+00:00
Premier League,PL,,560635,2026-11-08T14:00:00Z,TIMED,Crystal Palace FC,Liverpool FC,354,64,REGULAR_SEASON,,10,2026-10-03T12:10:55.360625+00:00,2026-10-03T12:10:55.360626+00:00
Premier League,PL,,560636,2026-11-08T14:00:00Z,TIMED,Sunderland AFC,Chelsea FC,71,61,REGULAR_SEASON,,10,2026-10-03T12:10:55.360628+00:00,2026-10-03T12:10:55.360630+00:00
Premier League,PL,,560637,2026-11-08T14:00:00Z,TIMED,Ipswich Town FC,AFC Bournemouth,349,1044,REGULAR_SEASON,,10,2026-10-03T12:10:55.360632+00:00,2026-10-03T12:10:55.360633+00:00
Premier League,PL,,560638,2026-11-08T14:00:00Z,TIMED,Brighton & Hove Albion FC,Brentford FC,397,402,REGULAR_SEASON,,10,2026-10-03T12:10:55.360636+00:00,2026-10-03T12:10:55.360638+00:00
Premier League,PL,,560639,2026-11-08T16:30:00Z,TIMED,Manchester United FC,Aston Villa FC,66,58,REGULAR_SEASON,,10,2026-10-03T12:10:55.360640+00:00,2026-10-03T12:10:55.360641+00:00
Premier League,PL,,560643,2026-11-21T12:30:00Z,TIMED,Manchester City FC,Fulham FC,65,63,REGULAR_SEASON,,11,2026-10-03T12:10:55.360646+00:00,2026-10-03T12:10:55.360647+00:00
Premier League,PL,,560642,2026-11-21T15:00:00Z,TIMED,Chelsea FC,Leeds United FC,61,341,REGULAR_SEASON,,11,2026-10-03T12:10:55.360649+00:00,2026-10-03T12:10:55.360651+00:00
Premier League,PL,,560644,2026-11-21T15:00:00Z,TIMED,Aston Villa FC,Sunderland AFC,58,71,REGULAR_SEASON,,11,2026-10-03T12:10:55.360653+00:00,2026-10-03T12:10:55.360655+00:00
Premier League,PL,,560647,2026-11-21T15:00:00Z,TIMED,AFC Bournemouth,Nottingham Forest FC,1044,351,REGULAR_SEASON,,11,2026-10-03T12:10:55.360657+00:00,2026-10-03T12:10:55.360659+00:00
Premier League,PL,,560648,2026-11-21T15:00:00Z,TIMED,Tottenham Hotspur FC,Ipswich Town FC,73,349,REGULAR_SEASON,,11,2026-10-03T12:10:55.360663+00:00,2026-10-03T12:10:55.360664+00:00
Premier League,PL,,560650,2026-11-21T15:00:00Z,TIMED,Coventry City FC,Crystal Palace FC,1076,354,REGULAR_SEASON,,11,2026-10-03T12:10:55.360666+00:00,2026-10-03T12:10:55.360668+00:00
Premier League,PL,,560651,2026-11-21T17:30:00Z,TIMED,Newcastle United FC,Arsenal FC,67,57,REGULAR_SEASON,,11,2026-10-03T12:10:55.360670+00:00,2026-10-03T12:10:55.360672+00:00
Premier League,PL,,560646,2026-11-22T14:00:00Z,TIMED,Hull City AFC,Brighton & Hove Albion FC,322,397,REGULAR_SEASON,,11,2026-10-03T12:10:55.360674+00:00,2026-10-03T12:10:55.360675+00:00
Premier League,PL,,560645,2026-11-22T16:30:00Z,TIMED,Liverpool FC,Manchester United FC,64,66,REGULAR_SEASON,,11,2026-10-03T12:10:55.360677+00:00,2026-10-03T12:10:55.360679+00:00
Premier League,PL,,560649,2026-11-23T20:00:00Z,TIMED,Brentford FC,Everton FC,402,62,REGULAR_SEASON,,11,2026-10-03T12:10:55.360681+00:00,2026-10-03T12:10:55.360682+00:00
Premier League,PL,,560658,2026-11-27T20:00:00Z,TIMED,Nottingham Forest FC,Chelsea FC,351,61,REGULAR_SEASON,,12,2026-10-03T12:10:55.360685+00:00,2026-10-03T12:10:55.360686+00:00
Premier League,PL,,560652,2026-11-28T15:00:00Z,TIMED,Leeds United FC,Coventry City FC,341,1076,REGULAR_SEASON,,12,2026-10-03T12:10:55.360688+00:00,2026-10-03T12:10:55.360690+00:00
Premier League,PL,,560655,2026-11-28T15:00:00Z,TIMED,Manchester United FC,Brentford FC,66,402,REGULAR_SEASON,,12,2026-10-03T12:10:55.360692+00:00,2026-10-03T12:10:55.360693+00:00
Premier League,PL,,560653,2026-11-28T17:30:00Z,TIMED,Ipswich Town FC,Aston Villa FC,349,58,REGULAR_SEASON,,12,2026-10-03T12:10:55.360696+00:00,2026-10-03T12:10:55.360697+00:00
Premier League,PL,,560656,2026-11-29T12:00:00Z,TIMED,Everton FC,Liverpool FC,62,64,REGULAR_SEASON,,12,2026-10-03T12:10:55.360703+00:00,2026-10-03T12:10:55.360705+00:00
Premier League,PL,,560657,2026-11-29T14:05:00Z,TIMED,Fulham FC,AFC Bournemouth,63,1044,REGULAR_SEASON,,12,2026-10-03T12:10:55.360707+00:00,2026-10-03T12:10:55.360709+00:00
Premier League,PL,,560659,2026-11-29T14:05:00Z,TIMED,Brighton & Hove Albion FC,Newcastle United FC,397,67,REGULAR_SEASON,,12,2026-10-03T12:10:55.360711+00:00,2026-10-03T12:10:55.360712+00:00
Premier League,PL,,560660,2026-11-29T14:05:00Z,TIMED,Sunderland AFC,Tottenham Hotspur FC,71,73,REGULAR_SEASON,,12,2026-10-03T12:10:55.360715+00:00,2026-10-03T12:10:55.360716+00:00
Premier League,PL,,560661,2026-11-29T14:05:00Z,TIMED,Crystal Palace FC,Hull City AFC,354,322,REGULAR_SEASON,,12,2026-10-03T12:10:55.360718+00:00,2026-10-03T12:10:55.360720+00:00
Premier League,PL,,560654,2026-11-29T16:30:00Z,TIMED,Arsenal FC,Manchester City FC,57,65,REGULAR_SEASON,,12,2026-10-03T12:10:55.360722+00:00,2026-10-03T12:10:55.360723+00:00
Premier League,PL,,560662,2026-12-02T20:00:00Z,TIMED,Tottenham Hotspur FC,Fulham FC,73,63,REGULAR_SEASON,,13,2026-10-03T12:10:55.360726+00:00,2026-10-03T12:10:55.360727+00:00
Premier League,PL,,560663,2026-12-02T20:00:00Z,TIMED,Liverpool FC,Sunderland AFC,64,71,REGULAR_SEASON,,13,2026-10-03T12:10:55.360729+00:00,2026-10-03T12:10:55.360731+00:00
Premier League,PL,,560664,2026-12-02T20:00:00Z,TIMED,Hull City AFC,Nottingham Forest FC,322,351,REGULAR_SEASON,,13,2026-10-03T12:10:55.360733+00:00,2026-10-03T12:10:55.360734+00:00
Premier League,PL,,560665,2026-12-02T20:00:00Z,TIMED,Chelsea FC,Crystal Palace FC,61,354,REGULAR_SEASON,,13,2026-10-03T12:10:55.360737+00:00,2026-10-03T12:10:55.360738+00:00
Premier League,PL,,560666,2026-12-02T20:00:00Z,TIMED,Aston Villa FC,Everton FC,58,62,REGULAR_SEASON,,13,2026-10-03T12:10:55.360743+00:00,2026-10-03T12:10:55.360744+00:00
Premier League,PL,,560667,2026-12-02T20:00:00Z,TIMED,Brentford FC,Arsenal FC,402,57,REGULAR_SEASON,,13,2026-10-03T12:10:55.360746+00:00,2026-10-03T12:10:55.360748+00:00
Premier League,PL,,560668,2026-12-02T20:00:00Z,TIMED,Coventry City FC,Ipswich Town FC,1076,349,REGULAR_SEASON,,13,2026-10-03T12:10:55.360750+00:00,2026-10-03T12:10:55.360752+00:00
Premier League,PL,,560669,2026-12-02T20:00:00Z,TIMED,Manchester City FC,Leeds United FC,65,341,REGULAR_SEASON,,13,2026-10-03T12:10:55.360755+00:00,2026-10-03T12:10:55.360758+00:00
Premier League,PL,,560670,2026-12-02T20:00:00Z,TIMED,Newcastle United FC,Manchester United FC,67,66,REGULAR_SEASON,,13,2026-10-03T12:10:55.360761+00:00,2026-10-03T12:10:55.360762+00:00
Premier League,PL,,560671,2026-12-02T20:00:00Z,TIMED,AFC Bournemouth,Brighton & Hove Albion FC,1044,397,REGULAR_SEASON,,13,2026-10-03T12:10:55.360764+00:00,2026-10-03T12:10:55.360766+00:00
Premier League,PL,,560672,2026-12-05T15:00:00Z,TIMED,Tottenham Hotspur FC,Arsenal FC,73,57,REGULAR_SEASON,,14,2026-10-03T12:10:55.360768+00:00,2026-10-03T12:10:55.360769+00:00
Premier League,PL,,560673,2026-12-05T15:00:00Z,TIMED,Manchester United FC,Coventry City FC,66,1076,REGULAR_SEASON,,14,2026-10-03T12:10:55.360771+00:00,2026-10-03T12:10:55.360773+00:00
Premier League,PL,,560674,2026-12-05T15:00:00Z,TIMED,Leeds United FC,Ipswich Town FC,341,349,REGULAR_SEASON,,14,2026-10-03T12:10:55.360775+00:00,2026-10-03T12:10:55.360776+00:00
Premier League,PL,,560675,2026-12-05T15:00:00Z,TIMED,Newcastle United FC,Sunderland AFC,67,71,REGULAR_SEASON,,14,2026-10-03T12:10:55.360779+00:00,2026-10-03T12:10:55.360780+00:00
Premier League,PL,,560676,2026-12-05T15:00:00Z,TIMED,Chelsea FC,Liverpool FC,61,64,REGULAR_SEASON,,14,2026-10-03T12:10:55.360787+00:00,2026-10-03T12:10:55.360788+00:00
Premier League,PL,,560677,2026-12-05T15:00:00Z,TIMED,Brentford FC,Manchester City FC,402,65,REGULAR_SEASON,,14,2026-10-03T12:10:55.360790+00:00,2026-10-03T12:10:55.360794+00:00
Premier League,PL,,560678,2026-12-05T15:00:00Z,TIMED,AFC Bournemouth,Hull City AFC,1044,322,REGULAR_SEASON,,14,2026-10-03T12:10:55.360796+00:00,2026-10-03T12:10:55.360797+00:00
Premier League,PL,,560679,2026-12-05T15:00:00Z,TIMED,Aston Villa FC,Crystal Palace FC,58,354,REGULAR_SEASON,,14,2026-10-03T12:10:55.360800+00:00,2026-10-03T12:10:55.360801+00:00
Premier League,PL,,560680,2026-12-05T15:00:00Z,TIMED,Nottingham Forest FC,Brighton & Hove Albion FC,351,397,REGULAR_SEASON,,14,2026-10-03T12:10:55.360803+00:00,2026-10-03T12:10:55.360804+00:00
Premier League,PL,,560681,2026-12-05T15:00:00Z,TIMED,Everton FC,Fulham FC,62,63,REGULAR_SEASON,,14,2026-10-03T12:10:55.360806+00:00,2026-10-03T12:10:55.360808+00:00
Premier League,PL,,560682,2026-12-12T15:00:00Z,TIMED,Sunderland AFC,Nottingham Forest FC,71,351,REGULAR_SEASON,,15,2026-10-03T12:10:55.360810+00:00,2026-10-03T12:10:55.360811+00:00
Premier League,PL,,560683,2026-12-12T15:00:00Z,TIMED,Crystal Palace FC,Manchester United FC,354,66,REGULAR_SEASON,,15,2026-10-03T12:10:55.360813+00:00,2026-10-03T12:10:55.360815+00:00
Premier League,PL,,560684,2026-12-12T15:00:00Z,TIMED,Hull City AFC,Tottenham Hotspur FC,322,73,REGULAR_SEASON,,15,2026-10-03T12:10:55.360817+00:00,2026-10-03T12:10:55.360818+00:00
Premier League,PL,,560685,2026-12-12T15:00:00Z,TIMED,Brighton & Hove Albion FC,Everton FC,397,62,REGULAR_SEASON,,15,2026-10-03T12:10:55.360821+00:00,2026-10-03T12:10:55.360822+00:00
Premier League,PL,,560686,2026-12-12T15:00:00Z,TIMED,Ipswich Town FC,Newcastle United FC,349,67,REGULAR_SEASON,,15,2026-10-03T12:10:55.360826+00:00,2026-10-03T12:10:55.360828+00:00
Premier League,PL,,560687,2026-12-12T15:00:00Z,TIMED,Coventry City FC,Aston Villa FC,1076,58,REGULAR_SEASON,,15,2026-10-03T12:10:55.360830+00:00,2026-10-03T12:10:55.360831+00:00
Premier League,PL,,560688,2026-12-12T15:00:00Z,TIMED,Arsenal FC,AFC Bournemouth,57,1044,REGULAR_SEASON,,15,2026-10-03T12:10:55.360833+00:00,2026-10-03T12:10:55.360834+00:00
Premier League,PL,,560689,2026-12-12T15:00:00Z,TIMED,Manchester City FC,Chelsea FC,65,61,REGULAR_SEASON,,15,2026-10-03T12:10:55.360837+00:00,2026-10-03T12:10:55.360838+00:00
Premier League,PL,,560690,2026-12-12T15:00:00Z,TIMED,Liverpool FC,Leeds United FC,64,341,REGULAR_SEASON,,15,2026-10-03T12:10:55.360840+00:00,2026-10-03T12:10:55.360842+00:00
Premier League,PL,,560691,2026-12-12T15:00:00Z,TIMED,Fulham FC,Brentford FC,63,402,REGULAR_SEASON,,15,2026-10-03T12:10:55.360844+00:00,2026-10-03T12:10:55.360845+00:00
Premier League,PL,,560692,2026-12-19T15:00:00Z,TIMED,Leeds United FC,Fulham FC,341,63,REGULAR_SEASON,,16,2026-10-03T12:10:55.360847+00:00,2026-10-03T12:10:55.360848+00:00
Premier League,PL,,560693,2026-12-19T15:00:00Z,TIMED,Brighton & Hove Albion FC,Ipswich Town FC,397,349,REGULAR_SEASON,,16,2026-10-03T12:10:55.360851+00:00,2026-10-03T12:10:55.360852+00:00
Premier League,PL,,560694,2026-12-19T15:00:00Z,TIMED,Nottingham Forest FC,Everton FC,351,62,REGULAR_SEASON,,16,2026-10-03T12:10:55.360854+00:00,2026-10-03T12:10:55.360855+00:00
Premier League,PL,,560695,2026-12-19T15:00:00Z,TIMED,Brentford FC,Newcastle United FC,402,67,REGULAR_SEASON,,16,2026-10-03T12:10:55.360857+00:00,2026-10-03T12:10:55.360859+00:00
Premier League,PL,,560696,2026-12-19T15:00:00Z,TIMED,Manchester City FC,Hull City AFC,65,322,REGULAR_SEASON,,16,2026-10-03T12:10:55.360863+00:00,2026-10-03T12:10:55.360864+00:00
Premier League,PL,,560697,2026-12-19T15:00:00Z,TIMED,Sunderland AFC,Crystal Palace FC,71,354,REGULAR_SEASON,,16,2026-10-03T12:10:55.360866+00:00,2026-10-03T12:10:55.360868+00:00
Premier League,PL,,560698,2026-12-19T15:00:00Z,TIMED,AFC Bournemouth,Coventry City FC,1044,1076,REGULAR_SEASON,,16,2026-10-03T12:10:55.360870+00:00,2026-10-03T12:10:55.360871+00:00
Premier League,PL,,560699,2026-12-19T15:00:00Z,TIMED,Arsenal FC,Manchester United FC,57,66,REGULAR_SEASON,,16,2026-10-03T12:10:55.360875+00:00,2026-10-03T12:10:55.360877+00:00
Premier League,PL,,560700,2026-12-19T15:00:00Z,TIMED,Liverpool FC,Tottenham Hotspur FC,64,73,REGULAR_SEASON,,16,2026-10-03T12:10:55.360879+00:00,2026-10-03T12:10:55.360880+00:00
Premier League,PL,,560701,2026-12-19T15:00:00Z,TIMED,Chelsea FC,Aston Villa FC,61,58,REGULAR_SEASON,,16,2026-10-03T12:10:55.360882+00:00,2026-10-03T12:10:55.360884+00:00
Premier League,PL,,560702,2026-12-26T12:30:00Z,TIMED,Aston Villa FC,Leeds United FC,58,341,REGULAR_SEASON,,17,2026-10-03T12:10:55.360886+00:00,2026-10-03T12:10:55.360887+00:00
Premier League,PL,,560705,2026-12-26T15:00:00Z,TIMED,Everton FC,Sunderland AFC,62,71,REGULAR_SEASON,,17,2026-10-03T12:10:55.360889+00:00,2026-10-03T12:10:55.360891+00:00
Premier League,PL,,560708,2026-12-26T15:00:00Z,TIMED,Fulham FC,Brighton & Hove Albion FC,63,397,REGULAR_SEASON,,17,2026-10-03T12:10:55.360893+00:00,2026-10-03T12:10:55.360894+00:00
Premier League,PL,,560709,2026-12-26T15:00:00Z,TIMED,Tottenham Hotspur FC,AFC Bournemouth,73,1044,REGULAR_SEASON,,17,2026-10-03T12:10:55.360896+00:00,2026-10-03T12:10:55.360898+00:00
Premier League,PL,,560711,2026-12-26T15:00:00Z,TIMED,Ipswich Town FC,Brentford FC,349,402,REGULAR_SEASON,,17,2026-10-03T12:10:55.360902+00:00,2026-10-03T12:10:55.360903+00:00
Premier League,PL,,560710,2026-12-26T17:30:00Z,TIMED,Hull City AFC,Liverpool FC,322,64,REGULAR_SEASON,,17,2026-10-03T12:10:55.360905+00:00,2026-10-03T12:10:55.360907+00:00
Premier League,PL,,560707,2026-12-26T20:00:00Z,TIMED,Newcastle United FC,Manchester City FC,67,65,REGULAR_SEASON,,17,2026-10-03T12:10:55.360909+00:00,2026-10-03T12:10:55.360910+00:00
Premier League,PL,,560706,2026-12-27T14:00:00Z,TIMED,Coventry City FC,Chelsea FC,1076,61,REGULAR_SEASON,,17,2026-10-03T12:10:55.360912+00:00,2026-10-03T12:10:55.360914+00:00
Premier League,PL,,560703,2026-12-27T16:30:00Z,TIMED,Manchester United FC,Nottingham Forest FC,66,351,REGULAR_SEASON,,17,2026-10-03T12:10:55.360916+00:00,2026-10-03T12:10:55.360917+00:00
Premier League,PL,,560704,2026-12-27T19:00:00Z,TIMED,Crystal Palace FC,Arsenal FC,354,57,REGULAR_SEASON,,17,2026-10-03T12:10:55.360919+00:00,2026-10-03T12:10:55.360921+00:00
Premier League,PL,,560716,2026-12-29T19:30:00Z,TIMED,Hull City AFC,Leeds United FC,322,341,REGULAR_SEASON,,18,2026-10-03T12:10:55.360923+00:00,2026-10-03T12:10:55.360924+00:00
Premier League,PL,,560719,2026-12-29T19:30:00Z,TIMED,Tottenham Hotspur FC,Brighton & Hove Albion FC,73,397,REGULAR_SEASON,,18,2026-10-03T12:10:55.360926+00:00,2026-10-03T12:10:55.360928+00:00
Premier League,PL,,560720,2026-12-29T20:15:00Z,TIMED,Everton FC,Manchester City FC,62,65,REGULAR_SEASON,,18,2026-10-03T12:10:55.360930+00:00,2026-10-03T12:10:55.360932+00:00
Premier League,PL,,560712,2026-12-30T19:30:00Z,TIMED,Fulham FC,Arsenal FC,63,57,REGULAR_SEASON,,18,2026-10-03T12:10:55.360934+00:00,2026-10-03T12:10:55.360935+00:00
Premier League,PL,,560713,2026-12-30T19:30:00Z,TIMED,Coventry City FC,Brentford FC,1076,402,REGULAR_SEASON,,18,2026-10-03T12:10:55.360939+00:00,2026-10-03T12:10:55.360941+00:00
Premier League,PL,,560715,2026-12-30T19:30:00Z,TIMED,Newcastle United FC,Nottingham Forest FC,67,351,REGULAR_SEASON,,18,2026-10-03T12:10:55.360943+00:00,2026-10-03T12:10:55.360944+00:00
Premier League,PL,,560717,2026-12-30T19:30:00Z,TIMED,Manchester United FC,Sunderland AFC,66,71,REGULAR_SEASON,,18,2026-10-03T12:10:55.360946+00:00,2026-10-03T12:10:55.360948+00:00
Premier League,PL,,560721,2026-12-30T19:30:00Z,TIMED,Crystal Palace FC,AFC Bournemouth,354,1044,REGULAR_SEASON,,18,2026-10-03T12:10:55.360950+00:00,2026-10-03T12:10:55.360951+00:00
Premier League,PL,,560714,2026-12-30T20:15:00Z,TIMED,Aston Villa FC,Liverpool FC,58,64,REGULAR_SEASON,,18,2026-10-03T12:10:55.360955+00:00,2026-10-03T12:10:55.360957+00:00
Premier League,PL,,560718,2026-12-30T20:15:00Z,TIMED,Ipswich Town FC,Chelsea FC,349,61,REGULAR_SEASON,,18,2026-10-03T12:10:55.360959+00:00,2026-10-03T12:10:55.360961+00:00
Premier League,PL,,560724,2027-01-01T20:00:00Z,TIMED,Leeds United FC,Everton FC,341,62,REGULAR_SEASON,,19,2026-10-03T12:10:55.360963+00:00,2026-10-03T12:10:55.360964+00:00
Premier League,PL,,560730,2027-01-02T12:30:00Z,TIMED,Brighton & Hove Albion FC,Manchester United FC,397,66,REGULAR_SEASON,,19,2026-10-03T12:10:55.360966+00:00,2026-10-03T12:10:55.360967+00:00
Premier League,PL,,560723,2027-01-02T15:00:00Z,TIMED,Brentford FC,Crystal Palace FC,402,354,REGULAR_SEASON,,19,2026-10-03T12:10:55.360970+00:00,2026-10-03T12:10:55.360971+00:00
Premier League,PL,,560725,2027-01-02T15:00:00Z,TIMED,Arsenal FC,Ipswich Town FC,57,349,REGULAR_SEASON,,19,2026-10-03T12:10:55.360973+00:00,2026-10-03T12:10:55.360974+00:00
Premier League,PL,,560726,2027-01-02T15:00:00Z,TIMED,Sunderland AFC,Hull City AFC,71,322,REGULAR_SEASON,,19,2026-10-03T12:10:55.360978+00:00,2026-10-03T12:10:55.360980+00:00
Premier League,PL,,560727,2027-01-02T15:00:00Z,TIMED,Liverpool FC,Coventry City FC,64,1076,REGULAR_SEASON,,19,2026-10-03T12:10:55.360982+00:00,2026-10-03T12:10:55.360983+00:00
Premier League,PL,,560729,2027-01-02T15:00:00Z,TIMED,Nottingham Forest FC,Fulham FC,351,63,REGULAR_SEASON,,19,2026-10-03T12:10:55.360985+00:00,2026-10-03T12:10:55.360988+00:00
Premier League,PL,,560722,2027-01-02T17:30:00Z,TIMED,AFC Bournemouth,Aston Villa FC,1044,58,REGULAR_SEASON,,19,2026-10-03T12:10:55.360991+00:00,2026-10-03T12:10:55.360992+00:00
Premier League,PL,,560728,2027-01-03T14:00:00Z,TIMED,Chelsea FC,Newcastle United FC,61,67,REGULAR_SEASON,,19,2026-10-03T12:10:55.360994+00:00,2026-10-03T12:10:55.360995+00:00
Premier League,PL,,560731,2027-01-03T16:30:00Z,TIMED,Manchester City FC,Tottenham Hotspur FC,65,73,REGULAR_SEASON,,19,2026-10-03T12:10:55.360997+00:00,2026-10-03T12:10:55.360999+00:00
Premier League,PL,,560732,2027-01-05T19:30:00Z,TIMED,Arsenal FC,Brentford FC,57,402,REGULAR_SEASON,,20,2026-10-03T12:10:55.361011+00:00,2026-10-03T12:10:55.361012+00:00
Premier League,PL,,560735,2027-01-05T19:30:00Z,TIMED,Brighton & Hove Albion FC,AFC Bournemouth,397,1044,REGULAR_SEASON,,20,2026-10-03T12:10:55.361014+00:00,2026-10-03T12:10:55.361015+00:00
Premier League,PL,,560736,2027-01-05T19:30:00Z,TIMED,Nottingham Forest FC,Hull City AFC,351,322,REGULAR_SEASON,,20,2026-10-03T12:10:55.361017+00:00,2026-10-03T12:10:55.361019+00:00
Premier League,PL,,560738,2027-01-05T19:30:00Z,TIMED,Everton FC,Aston Villa FC,62,58,REGULAR_SEASON,,20,2026-10-03T12:10:55.361021+00:00,2026-10-03T12:10:55.361022+00:00
Premier League,PL,,560739,2027-01-05T20:15:00Z,TIMED,Sunderland AFC,Liverpool FC,71,64,REGULAR_SEASON,,20,2026-10-03T12:10:55.361027+00:00,2026-10-03T12:10:55.361028+00:00
Premier League,PL,,560737,2027-01-06T19:30:00Z,TIMED,Fulham FC,Tottenham Hotspur FC,63,73,REGULAR_SEASON,,20,2026-10-03T12:10:55.361030+00:00,2026-10-03T12:10:55.361031+00:00
Premier League,PL,,560740,2027-01-06T19:30:00Z,TIMED,Crystal Palace FC,Chelsea FC,354,61,REGULAR_SEASON,,20,2026-10-03T12:10:55.361034+00:00,2026-10-03T12:10:55.361035+00:00
Premier League,PL,,560741,2027-01-06T19:30:00Z,TIMED,Ipswich Town FC,Coventry City FC,349,1076,REGULAR_SEASON,,20,2026-10-03T12:10:55.361037+00:00,2026-10-03T12:10:55.361038+00:00
Premier League,PL,,560733,2027-01-06T20:15:00Z,TIMED,Leeds United FC,Manchester City FC,341,65,REGULAR_SEASON,,20,2026-10-03T12:10:55.361040+00:00,2026-10-03T12:10:55.361042+00:00
Premier League,PL,,560734,2027-01-07T20:00:00Z,TIMED,Manchester United FC,Newcastle United FC,66,67,REGULAR_SEASON,,20,2026-10-03T12:10:55.361046+00:00,2026-10-03T12:10:55.361047+00:00
Premier League,PL,,560742,2027-01-16T15:00:00Z,TIMED,AFC Bournemouth,Ipswich Town FC,1044,349,REGULAR_SEASON,,21,2026-10-03T12:10:55.361049+00:00,2026-10-03T12:10:55.361051+00:00
Premier League,PL,,560743,2027-01-16T15:00:00Z,TIMED,Manchester City FC,Nottingham Forest FC,65,351,REGULAR_SEASON,,21,2026-10-03T12:10:55.361053+00:00,2026-10-03T12:10:55.361054+00:00
Premier League,PL,,560744,2027-01-16T15:00:00Z,TIMED,Chelsea FC,Sunderland AFC,61,71,REGULAR_SEASON,,21,2026-10-03T12:10:55.361056+00:00,2026-10-03T12:10:55.361058+00:00
Premier League,PL,,560745,2027-01-16T15:00:00Z,TIMED,Brentford FC,Brighton & Hove Albion FC,402,397,REGULAR_SEASON,,21,2026-10-03T12:10:55.361060+00:00,2026-10-03T12:10:55.361061+00:00
Premier League,PL,,560746,2027-01-16T15:00:00Z,TIMED,Aston Villa FC,Manchester United FC,58,66,REGULAR_SEASON,,21,2026-10-03T12:10:55.361065+00:00,2026-10-03T12:10:55.361066+00:00
Premier League,PL,,560747,2027-01-16T15:00:00Z,TIMED,Tottenham Hotspur FC,Leeds United FC,73,341,REGULAR_SEASON,,21,2026-10-03T12:10:55.361068+00:00,2026-10-03T12:10:55.361070+00:00
Premier League,PL,,560748,2027-01-16T15:00:00Z,TIMED,Coventry City FC,Everton FC,1076,62,REGULAR_SEASON,,21,2026-10-03T12:10:55.361072+00:00,2026-10-03T12:10:55.361073+00:00
Premier League,PL,,560749,2027-01-16T15:00:00Z,TIMED,Liverpool FC,Crystal Palace FC,64,354,REGULAR_SEASON,,21,2026-10-03T12:10:55.361075+00:00,2026-10-03T12:10:55.361077+00:00
Premier League,PL,,560750,2027-01-16T15:00:00Z,TIMED,Hull City AFC,Arsenal FC,322,57,REGULAR_SEASON,,21,2026-10-03T12:10:55.361079+00:00,2026-10-03T12:10:55.361080+00:00
Premier League,PL,,560751,2027-01-16T15:00:00Z,TIMED,Newcastle United FC,Fulham FC,67,63,REGULAR_SEASON,,21,2026-10-03T12:10:55.361082+00:00,2026-10-03T12:10:55.361084+00:00
Premier League,PL,,560752,2027-01-23T15:00:00Z,TIMED,Ipswich Town FC,Hull City AFC,349,322,REGULAR_SEASON,,22,2026-10-03T12:10:55.361086+00:00,2026-10-03T12:10:55.361087+00:00
Premier League,PL,,560753,2027-01-23T15:00:00Z,TIMED,Everton FC,Brentford FC,62,402,REGULAR_SEASON,,22,2026-10-03T12:10:55.361089+00:00,2026-10-03T12:10:55.361091+00:00
Premier League,PL,,560754,2027-01-23T15:00:00Z,TIMED,Sunderland AFC,Coventry City FC,71,1076,REGULAR_SEASON,,22,2026-10-03T12:10:55.361093+00:00,2026-10-03T12:10:55.361094+00:00
Premier League,PL,,560755,2027-01-23T15:00:00Z,TIMED,Nottingham Forest FC,AFC Bournemouth,351,1044,REGULAR_SEASON,,22,2026-10-03T12:10:55.361096+00:00,2026-10-03T12:10:55.361097+00:00
Premier League,PL,,560756,2027-01-23T15:00:00Z,TIMED,Arsenal FC,Newcastle United FC,57,67,REGULAR_SEASON,,22,2026-10-03T12:10:55.361101+00:00,2026-10-03T12:10:55.361103+00:00
Premier League,PL,,560757,2027-01-23T15:00:00Z,TIMED,Leeds United FC,Chelsea FC,341,61,REGULAR_SEASON,,22,2026-10-03T12:10:55.361105+00:00,2026-10-03T12:10:55.361106+00:00
Premier League,PL,,560758,2027-01-23T15:00:00Z,TIMED,Fulham FC,Aston Villa FC,63,58,REGULAR_SEASON,,22,2026-10-03T12:10:55.361108+00:00,2026-10-03T12:10:55.361110+00:00
Premier League,PL,,560759,2027-01-23T15:00:00Z,TIMED,Manchester United FC,Liverpool FC,66,64,REGULAR_SEASON,,22,2026-10-03T12:10:55.361112+00:00,2026-10-03T12:10:55.361113+00:00
Premier League,PL,,560760,2027-01-23T15:00:00Z,TIMED,Brighton & Hove Albion FC,Manchester City FC,397,65,REGULAR_SEASON,,22,2026-10-03T12:10:55.361115+00:00,2026-10-03T12:10:55.361117+00:00
Premier League,PL,,560761,2027-01-23T15:00:00Z,TIMED,Crystal Palace FC,Tottenham Hotspur FC,354,73,REGULAR_SEASON,,22,2026-10-03T12:10:55.361119+00:00,2026-10-03T12:10:55.361120+00:00
Premier League,PL,,560762,2027-01-30T15:00:00Z,TIMED,Tottenham Hotspur FC,Sunderland AFC,73,71,REGULAR_SEASON,,23,2026-10-03T12:10:55.361122+00:00,2026-10-03T12:10:55.361125+00:00
Premier League,PL,,560763,2027-01-30T15:00:00Z,TIMED,Brentford FC,Manchester United FC,402,66,REGULAR_SEASON,,23,2026-10-03T12:10:55.361127+00:00,2026-10-03T12:10:55.361129+00:00
Premier League,PL,,560764,2027-01-30T15:00:00Z,TIMED,Newcastle United FC,Brighton & Hove Albion FC,67,397,REGULAR_SEASON,,23,2026-10-03T12:10:55.361131+00:00,2026-10-03T12:10:55.361140+00:00
Premier League,PL,,560765,2027-01-30T15:00:00Z,TIMED,Hull City AFC,Crystal Palace FC,322,354,REGULAR_SEASON,,23,2026-10-03T12:10:55.361142+00:00,2026-10-03T12:10:55.361144+00:00
Premier League,PL,,560766,2027-01-30T15:00:00Z,TIMED,Coventry City FC,Leeds United FC,1076,341,REGULAR_SEASON,,23,2026-10-03T12:10:55.361148+00:00,2026-10-03T12:10:55.361149+00:00
Premier League,PL,,560767,2027-01-30T15:00:00Z,TIMED,AFC Bournemouth,Fulham FC,1044,63,REGULAR_SEASON,,23,2026-10-03T12:10:55.361151+00:00,2026-10-03T12:10:55.361152+00:00
Premier League,PL,,560768,2027-01-30T15:00:00Z,TIMED,Chelsea FC,Nottingham Forest FC,61,351,REGULAR_SEASON,,23,2026-10-03T12:10:55.361155+00:00,2026-10-03T12:10:55.361156+00:00
Premier League,PL,,560769,2027-01-30T15:00:00Z,TIMED,Liverpool FC,Everton FC,64,62,REGULAR_SEASON,,23,2026-10-03T12:10:55.361158+00:00,2026-10-03T12:10:55.361159+00:00
Premier League,PL,,560770,2027-01-30T15:00:00Z,TIMED,Manchester City FC,Arsenal FC,65,57,REGULAR_SEASON,,23,2026-10-03T12:10:55.361162+00:00,2026-10-03T12:10:55.361163+00:00
Premier League,PL,,560771,2027-01-30T15:00:00Z,TIMED,Aston Villa FC,Ipswich Town FC,58,349,REGULAR_SEASON,,23,2026-10-03T12:10:55.361165+00:00,2026-10-03T12:10:55.361166+00:00
Premier League,PL,,560772,2027-02-06T15:00:00Z,TIMED,Arsenal FC,Liverpool FC,57,64,REGULAR_SEASON,,24,2026-10-03T12:10:55.361168+00:00,2026-10-03T12:10:55.361170+00:00
Premier League,PL,,560773,2027-02-06T15:00:00Z,TIMED,Brighton & Hove Albion FC,Hull City AFC,397,322,REGULAR_SEASON,,24,2026-10-03T12:10:55.361172+00:00,2026-10-03T12:10:55.361173+00:00
Premier League,PL,,560774,2027-02-06T15:00:00Z,TIMED,Sunderland AFC,Aston Villa FC,71,58,REGULAR_SEASON,,24,2026-10-03T12:10:55.361176+00:00,2026-10-03T12:10:55.361177+00:00
Premier League,PL,,560775,2027-02-06T15:00:00Z,TIMED,Crystal Palace FC,Coventry City FC,354,1076,REGULAR_SEASON,,24,2026-10-03T12:10:55.361179+00:00,2026-10-03T12:10:55.361180+00:00
Premier League,PL,,560776,2027-02-06T15:00:00Z,TIMED,Ipswich Town FC,Tottenham Hotspur FC,349,73,REGULAR_SEASON,,24,2026-10-03T12:10:55.361185+00:00,2026-10-03T12:10:55.361186+00:00
Premier League,PL,,560777,2027-02-06T15:00:00Z,TIMED,Everton FC,Newcastle United FC,62,67,REGULAR_SEASON,,24,2026-10-03T12:10:55.361188+00:00,2026-10-03T12:10:55.361189+00:00
Premier League,PL,,560778,2027-02-06T15:00:00Z,TIMED,Fulham FC,Manchester City FC,63,65,REGULAR_SEASON,,24,2026-10-03T12:10:55.361191+00:00,2026-10-03T12:10:55.361193+00:00
Premier League,PL,,560779,2027-02-06T15:00:00Z,TIMED,Leeds United FC,AFC Bournemouth,341,1044,REGULAR_SEASON,,24,2026-10-03T12:10:55.361195+00:00,2026-10-03T12:10:55.361196+00:00
Premier League,PL,,560780,2027-02-06T15:00:00Z,TIMED,Manchester United FC,Chelsea FC,66,61,REGULAR_SEASON,,24,2026-10-03T12:10:55.361198+00:00,2026-10-03T12:10:55.361200+00:00
Premier League,PL,,560781,2027-02-06T15:00:00Z,TIMED,Nottingham Forest FC,Brentford FC,351,402,REGULAR_SEASON,,24,2026-10-03T12:10:55.361202+00:00,2026-10-03T12:10:55.361203+00:00
Premier League,PL,,560782,2027-02-10T20:00:00Z,TIMED,Everton FC,Leeds United FC,62,341,REGULAR_SEASON,,25,2026-10-03T12:10:55.361205+00:00,2026-10-03T12:10:55.361207+00:00
Premier League,PL,,560783,2027-02-10T20:00:00Z,TIMED,Coventry City FC,Liverpool FC,1076,64,REGULAR_SEASON,,25,2026-10-03T12:10:55.361209+00:00,2026-10-03T12:10:55.361210+00:00
Premier League,PL,,560784,2027-02-10T20:00:00Z,TIMED,Hull City AFC,Sunderland AFC,322,71,REGULAR_SEASON,,25,2026-10-03T12:10:55.361214+00:00,2026-10-03T12:10:55.361216+00:00
Premier League,PL,,560785,2027-02-10T20:00:00Z,TIMED,Aston Villa FC,AFC Bournemouth,58,1044,REGULAR_SEASON,,25,2026-10-03T12:10:55.361218+00:00,2026-10-03T12:10:55.361219+00:00
Premier League,PL,,560786,2027-02-10T20:00:00Z,TIMED,Crystal Palace FC,Brentford FC,354,402,REGULAR_SEASON,,25,2026-10-03T12:10:55.361223+00:00,2026-10-03T12:10:55.361224+00:00
Premier League,PL,,560787,2027-02-10T20:00:00Z,TIMED,Newcastle United FC,Chelsea FC,67,61,REGULAR_SEASON,,25,2026-10-03T12:10:55.361227+00:00,2026-10-03T12:10:55.361228+00:00
Premier League,PL,,560788,2027-02-10T20:00:00Z,TIMED,Fulham FC,Nottingham Forest FC,63,351,REGULAR_SEASON,,25,2026-10-03T12:10:55.361230+00:00,2026-10-03T12:10:55.361231+00:00
Premier League,PL,,560789,2027-02-10T20:00:00Z,TIMED,Tottenham Hotspur FC,Manchester City FC,73,65,REGULAR_SEASON,,25,2026-10-03T12:10:55.361233+00:00,2026-10-03T12:10:55.361235+00:00
Premier League,PL,,560790,2027-02-10T20:00:00Z,TIMED,Manchester United FC,Brighton & Hove Albion FC,66,397,REGULAR_SEASON,,25,2026-10-03T12:10:55.361237+00:00,2026-10-03T12:10:55.361238+00:00
Premier League,PL,,560791,2027-02-10T20:00:00Z,TIMED,Ipswich Town FC,Arsenal FC,349,57,REGULAR_SEASON,,25,2026-10-03T12:10:55.361240+00:00,2026-10-03T12:10:55.361242+00:00
Premier League,PL,,560792,2027-02-20T15:00:00Z,TIMED,Manchester City FC,Newcastle United FC,65,67,REGULAR_SEASON,,26,2026-10-03T12:10:55.361244+00:00,2026-10-03T12:10:55.361247+00:00
Premier League,PL,,560793,2027-02-20T15:00:00Z,TIMED,AFC Bournemouth,Crystal Palace FC,1044,354,REGULAR_SEASON,,26,2026-10-03T12:10:55.361249+00:00,2026-10-03T12:10:55.361251+00:00
Premier League,PL,,560794,2027-02-20T15:00:00Z,TIMED,Brentford FC,Coventry City FC,402,1076,REGULAR_SEASON,,26,2026-10-03T12:10:55.361253+00:00,2026-10-03T12:10:55.361254+00:00
Premier League,PL,,560795,2027-02-20T15:00:00Z,TIMED,Chelsea FC,Ipswich Town FC,61,349,REGULAR_SEASON,,26,2026-10-03T12:10:55.361256+00:00,2026-10-03T12:10:55.361258+00:00
Premier League,PL,,560796,2027-02-20T15:00:00Z,TIMED,Liverpool FC,Hull City AFC,64,322,REGULAR_SEASON,,26,2026-10-03T12:10:55.361262+00:00,2026-10-03T12:10:55.361263+00:00
Premier League,PL,,560797,2027-02-20T15:00:00Z,TIMED,Arsenal FC,Fulham FC,57,63,REGULAR_SEASON,,26,2026-10-03T12:10:55.361265+00:00,2026-10-03T12:10:55.361266+00:00
Premier League,PL,,560798,2027-02-20T15:00:00Z,TIMED,Nottingham Forest FC,Manchester United FC,351,66,REGULAR_SEASON,,26,2026-10-03T12:10:55.361268+00:00,2026-10-03T12:10:55.361270+00:00
Premier League,PL,,560799,2027-02-20T15:00:00Z,TIMED,Brighton & Hove Albion FC,Tottenham Hotspur FC,397,73,REGULAR_SEASON,,26,2026-10-03T12:10:55.361272+00:00,2026-10-03T12:10:55.361273+00:00
Premier League,PL,,560800,2027-02-20T15:00:00Z,TIMED,Sunderland AFC,Everton FC,71,62,REGULAR_SEASON,,26,2026-10-03T12:10:55.361275+00:00,2026-10-03T12:10:55.361277+00:00
Premier League,PL,,560801,2027-02-20T15:00:00Z,TIMED,Leeds United FC,Aston Villa FC,341,58,REGULAR_SEASON,,26,2026-10-03T12:10:55.361279+00:00,2026-10-03T12:10:55.361280+00:00
Premier League,PL,,560802,2027-02-27T15:00:00Z,TIMED,Crystal Palace FC,Sunderland AFC,354,71,REGULAR_SEASON,,27,2026-10-03T12:10:55.361282+00:00,2026-10-03T12:10:55.361283+00:00
Premier League,PL,,560803,2027-02-27T15:00:00Z,TIMED,Manchester United FC,Arsenal FC,66,57,REGULAR_SEASON,,27,2026-10-03T12:10:55.361285+00:00,2026-10-03T12:10:55.361287+00:00
Premier League,PL,,560804,2027-02-27T15:00:00Z,TIMED,Ipswich Town FC,Brighton & Hove Albion FC,349,397,REGULAR_SEASON,,27,2026-10-03T12:10:55.361289+00:00,2026-10-03T12:10:55.361290+00:00
Premier League,PL,,560805,2027-02-27T15:00:00Z,TIMED,Coventry City FC,AFC Bournemouth,1076,1044,REGULAR_SEASON,,27,2026-10-03T12:10:55.361294+00:00,2026-10-03T12:10:55.361296+00:00
Premier League,PL,,560806,2027-02-27T15:00:00Z,TIMED,Everton FC,Nottingham Forest FC,62,351,REGULAR_SEASON,,27,2026-10-03T12:10:55.361300+00:00,2026-10-03T12:10:55.361301+00:00
Premier League,PL,,560807,2027-02-27T15:00:00Z,TIMED,Fulham FC,Leeds United FC,63,341,REGULAR_SEASON,,27,2026-10-03T12:10:55.361303+00:00,2026-10-03T12:10:55.361305+00:00
Premier League,PL,,560808,2027-02-27T15:00:00Z,TIMED,Aston Villa FC,Chelsea FC,58,61,REGULAR_SEASON,,27,2026-10-03T12:10:55.361307+00:00,2026-10-03T12:10:55.361308+00:00
Premier League,PL,,560809,2027-02-27T15:00:00Z,TIMED,Tottenham Hotspur FC,Liverpool FC,73,64,REGULAR_SEASON,,27,2026-10-03T12:10:55.361310+00:00,2026-10-03T12:10:55.361311+00:00
Premier League,PL,,560810,2027-02-27T15:00:00Z,TIMED,Newcastle United FC,Brentford FC,67,402,REGULAR_SEASON,,27,2026-10-03T12:10:55.361314+00:00,2026-10-03T12:10:55.361315+00:00
Premier League,PL,,560811,2027-02-27T15:00:00Z,TIMED,Hull City AFC,Manchester City FC,322,65,REGULAR_SEASON,,27,2026-10-03T12:10:55.361317+00:00,2026-10-03T12:10:55.361318+00:00
Premier League,PL,,560812,2027-03-03T20:00:00Z,TIMED,Nottingham Forest FC,Newcastle United FC,351,67,REGULAR_SEASON,,28,2026-10-03T12:10:55.361320+00:00,2026-10-03T12:10:55.361322+00:00
Premier League,PL,,560813,2027-03-03T20:00:00Z,TIMED,AFC Bournemouth,Tottenham Hotspur FC,1044,73,REGULAR_SEASON,,28,2026-10-03T12:10:55.361324+00:00,2026-10-03T12:10:55.361325+00:00
Premier League,PL,,560814,2027-03-03T20:00:00Z,TIMED,Manchester City FC,Everton FC,65,62,REGULAR_SEASON,,28,2026-10-03T12:10:55.361327+00:00,2026-10-03T12:10:55.361329+00:00
Premier League,PL,,560815,2027-03-03T20:00:00Z,TIMED,Arsenal FC,Crystal Palace FC,57,354,REGULAR_SEASON,,28,2026-10-03T12:10:55.361331+00:00,2026-10-03T12:10:55.361332+00:00
Premier League,PL,,560816,2027-03-03T20:00:00Z,TIMED,Leeds United FC,Hull City AFC,341,322,REGULAR_SEASON,,28,2026-10-03T12:10:55.361336+00:00,2026-10-03T12:10:55.361338+00:00
Premier League,PL,,560817,2027-03-03T20:00:00Z,TIMED,Sunderland AFC,Manchester United FC,71,66,REGULAR_SEASON,,28,2026-10-03T12:10:55.361340+00:00,2026-10-03T12:10:55.361341+00:00
Premier League,PL,,560818,2027-03-03T20:00:00Z,TIMED,Liverpool FC,Aston Villa FC,64,58,REGULAR_SEASON,,28,2026-10-03T12:10:55.361343+00:00,2026-10-03T12:10:55.361345+00:00
Premier League,PL,,560819,2027-03-03T20:00:00Z,TIMED,Brighton & Hove Albion FC,Fulham FC,397,63,REGULAR_SEASON,,28,2026-10-03T12:10:55.361347+00:00,2026-10-03T12:10:55.361348+00:00
Premier League,PL,,560820,2027-03-03T20:00:00Z,TIMED,Brentford FC,Ipswich Town FC,402,349,REGULAR_SEASON,,28,2026-10-03T12:10:55.361350+00:00,2026-10-03T12:10:55.361351+00:00
Premier League,PL,,560821,2027-03-03T20:00:00Z,TIMED,Chelsea FC,Coventry City FC,61,1076,REGULAR_SEASON,,28,2026-10-03T12:10:55.361354+00:00,2026-10-03T12:10:55.361355+00:00
Premier League,PL,,560822,2027-03-13T15:00:00Z,TIMED,Leeds United FC,Brighton & Hove Albion FC,341,397,REGULAR_SEASON,,29,2026-10-03T12:10:55.361357+00:00,2026-10-03T12:10:55.361358+00:00
Premier League,PL,,560823,2027-03-13T15:00:00Z,TIMED,Tottenham Hotspur FC,Nottingham Forest FC,73,351,REGULAR_SEASON,,29,2026-10-03T12:10:55.361361+00:00,2026-10-03T12:10:55.361362+00:00
Premier League,PL,,560824,2027-03-13T15:00:00Z,TIMED,Crystal Palace FC,Fulham FC,354,63,REGULAR_SEASON,,29,2026-10-03T12:10:55.361364+00:00,2026-10-03T12:10:55.361365+00:00
Premier League,PL,,560825,2027-03-13T15:00:00Z,TIMED,Liverpool FC,Ipswich Town FC,64,349,REGULAR_SEASON,,29,2026-10-03T12:10:55.361368+00:00,2026-10-03T12:10:55.361369+00:00
Premier League,PL,,560826,2027-03-13T15:00:00Z,TIMED,Coventry City FC,Manchester City FC,1076,65,REGULAR_SEASON,,29,2026-10-03T12:10:55.361375+00:00,2026-10-03T12:10:55.361376+00:00
Premier League,PL,,560827,2027-03-13T15:00:00Z,TIMED,AFC Bournemouth,Newcastle United FC,1044,67,REGULAR_SEASON,,29,2026-10-03T12:10:55.361379+00:00,2026-10-03T12:10:55.361380+00:00
Premier League,PL,,560828,2027-03-13T15:00:00Z,TIMED,Chelsea FC,Arsenal FC,61,57,REGULAR_SEASON,,29,2026-10-03T12:10:55.361382+00:00,2026-10-03T12:10:55.361383+00:00
Premier League,PL,,560829,2027-03-13T15:00:00Z,TIMED,Aston Villa FC,Hull City AFC,58,322,REGULAR_SEASON,,29,2026-10-03T12:10:55.361386+00:00,2026-10-03T12:10:55.361387+00:00
Premier League,PL,,560830,2027-03-13T15:00:00Z,TIMED,Manchester United FC,Everton FC,66,62,REGULAR_SEASON,,29,2026-10-03T12:10:55.361389+00:00,2026-10-03T12:10:55.361390+00:00
Premier League,PL,,560831,2027-03-13T15:00:00Z,TIMED,Sunderland AFC,Brentford FC,71,402,REGULAR_SEASON,,29,2026-10-03T12:10:55.361392+00:00,2026-10-03T12:10:55.361394+00:00
Premier League,PL,,560832,2027-03-20T15:00:00Z,TIMED,Brentford FC,AFC Bournemouth,402,1044,REGULAR_SEASON,,30,2026-10-03T12:10:55.361396+00:00,2026-10-03T12:10:55.361397+00:00
Premier League,PL,,560833,2027-03-20T15:00:00Z,TIMED,Brighton & Hove Albion FC,Coventry City FC,397,1076,REGULAR_SEASON,,30,2026-10-03T12:10:55.361399+00:00,2026-10-03T12:10:55.361401+00:00
Premier League,PL,,560834,2027-03-20T15:00:00Z,TIMED,Manchester City FC,Manchester United FC,65,66,REGULAR_SEASON,,30,2026-10-03T12:10:55.361403+00:00,2026-10-03T12:10:55.361404+00:00
Premier League,PL,,560835,2027-03-20T15:00:00Z,TIMED,Ipswich Town FC,Crystal Palace FC,349,354,REGULAR_SEASON,,30,2026-10-03T12:10:55.361406+00:00,2026-10-03T12:10:55.361408+00:00
Premier League,PL,,560836,2027-03-20T15:00:00Z,TIMED,Arsenal FC,Sunderland AFC,57,71,REGULAR_SEASON,,30,2026-10-03T12:10:55.361412+00:00,2026-10-03T12:10:55.361413+00:00
Premier League,PL,,560837,2027-03-20T15:00:00Z,TIMED,Fulham FC,Liverpool FC,63,64,REGULAR_SEASON,,30,2026-10-03T12:10:55.361415+00:00,2026-10-03T12:10:55.361417+00:00
Premier League,PL,,560838,2027-03-20T15:00:00Z,TIMED,Hull City AFC,Chelsea FC,322,61,REGULAR_SEASON,,30,2026-10-03T12:10:55.361419+00:00,2026-10-03T12:10:55.361420+00:00
Premier League,PL,,560839,2027-03-20T15:00:00Z,TIMED,Nottingham Forest FC,Aston Villa FC,351,58,REGULAR_SEASON,,30,2026-10-03T12:10:55.361422+00:00,2026-10-03T12:10:55.361423+00:00
Premier League,PL,,560840,2027-03-20T15:00:00Z,TIMED,Everton FC,Tottenham Hotspur FC,62,73,REGULAR_SEASON,,30,2026-10-03T12:10:55.361426+00:00,2026-10-03T12:10:55.361427+00:00
Premier League,PL,,560841,2027-03-20T15:00:00Z,TIMED,Newcastle United FC,Leeds United FC,67,341,REGULAR_SEASON,,30,2026-10-03T12:10:55.361429+00:00,2026-10-03T12:10:55.361430+00:00
Premier League,PL,,560842,2027-04-10T14:00:00Z,TIMED,Sunderland AFC,Ipswich Town FC,71,349,REGULAR_SEASON,,31,2026-10-03T12:10:55.361433+00:00,2026-10-03T12:10:55.361434+00:00
Premier League,PL,,560843,2027-04-10T14:00:00Z,TIMED,Leeds United FC,Nottingham Forest FC,341,351,REGULAR_SEASON,,31,2026-10-03T12:10:55.361436+00:00,2026-10-03T12:10:55.361437+00:00
Premier League,PL,,560844,2027-04-10T14:00:00Z,TIMED,Manchester United FC,Hull City AFC,66,322,REGULAR_SEASON,,31,2026-10-03T12:10:55.361439+00:00,2026-10-03T12:10:55.361441+00:00
Premier League,PL,,560845,2027-04-10T14:00:00Z,TIMED,Chelsea FC,Fulham FC,61,63,REGULAR_SEASON,,31,2026-10-03T12:10:55.361443+00:00,2026-10-03T12:10:55.361444+00:00
Premier League,PL,,560846,2027-04-10T14:00:00Z,TIMED,Liverpool FC,Newcastle United FC,64,67,REGULAR_SEASON,,31,2026-10-03T12:10:55.361448+00:00,2026-10-03T12:10:55.361450+00:00
Premier League,PL,,560847,2027-04-10T14:00:00Z,TIMED,Coventry City FC,Arsenal FC,1076,57,REGULAR_SEASON,,31,2026-10-03T12:10:55.361452+00:00,2026-10-03T12:10:55.361455+00:00
Premier League,PL,,560848,2027-04-10T14:00:00Z,TIMED,AFC Bournemouth,Manchester City FC,1044,65,REGULAR_SEASON,,31,2026-10-03T12:10:55.361457+00:00,2026-10-03T12:10:55.361459+00:00
Premier League,PL,,560849,2027-04-10T14:00:00Z,TIMED,Crystal Palace FC,Everton FC,354,62,REGULAR_SEASON,,31,2026-10-03T12:10:55.361461+00:00,2026-10-03T12:10:55.361462+00:00
Premier League,PL,,560850,2027-04-10T14:00:00Z,TIMED,Tottenham Hotspur FC,Brentford FC,73,402,REGULAR_SEASON,,31,2026-10-03T12:10:55.361464+00:00,2026-10-03T12:10:55.361466+00:00
Premier League,PL,,560851,2027-04-10T14:00:00Z,TIMED,Aston Villa FC,Brighton & Hove Albion FC,58,397,REGULAR_SEASON,,31,2026-10-03T12:10:55.361468+00:00,2026-10-03T12:10:55.361469+00:00
Premier League,PL,,560852,2027-04-17T14:00:00Z,TIMED,Brighton & Hove Albion FC,Chelsea FC,397,61,REGULAR_SEASON,,32,2026-10-03T12:10:55.361471+00:00,2026-10-03T12:10:55.361473+00:00
Premier League,PL,,560853,2027-04-17T14:00:00Z,TIMED,Fulham FC,Sunderland AFC,63,71,REGULAR_SEASON,,32,2026-10-03T12:10:55.361475+00:00,2026-10-03T12:10:55.361476+00:00
Premier League,PL,,560854,2027-04-17T14:00:00Z,TIMED,Brentford FC,Leeds United FC,402,341,REGULAR_SEASON,,32,2026-10-03T12:10:55.361478+00:00,2026-10-03T12:10:55.361479+00:00
Premier League,PL,,560855,2027-04-17T14:00:00Z,TIMED,Nottingham Forest FC,Liverpool FC,351,64,REGULAR_SEASON,,32,2026-10-03T12:10:55.361482+00:00,2026-10-03T12:10:55.361483+00:00
Premier League,PL,,560856,2027-04-17T14:00:00Z,TIMED,Hull City AFC,Coventry City FC,322,1076,REGULAR_SEASON,,32,2026-10-03T12:10:55.361487+00:00,2026-10-03T12:10:55.361490+00:00
Premier League,PL,,560857,2027-04-17T14:00:00Z,TIMED,Arsenal FC,Aston Villa FC,57,58,REGULAR_SEASON,,32,2026-10-03T12:10:55.361493+00:00,2026-10-03T12:10:55.361494+00:00
Premier League,PL,,560858,2027-04-17T14:00:00Z,TIMED,Ipswich Town FC,Manchester United FC,349,66,REGULAR_SEASON,,32,2026-10-03T12:10:55.361496+00:00,2026-10-03T12:10:55.361498+00:00
Premier League,PL,,560859,2027-04-17T14:00:00Z,TIMED,Manchester City FC,Crystal Palace FC,65,354,REGULAR_SEASON,,32,2026-10-03T12:10:55.361500+00:00,2026-10-03T12:10:55.361501+00:00
Premier League,PL,,560860,2027-04-17T14:00:00Z,TIMED,Newcastle United FC,Tottenham Hotspur FC,67,73,REGULAR_SEASON,,32,2026-10-03T12:10:55.361503+00:00,2026-10-03T12:10:55.361504+00:00
Premier League,PL,,560861,2027-04-17T14:00:00Z,TIMED,Everton FC,AFC Bournemouth,62,1044,REGULAR_SEASON,,32,2026-10-03T12:10:55.361507+00:00,2026-10-03T12:10:55.361508+00:00
Premier League,PL,,560862,2027-04-24T14:00:00Z,TIMED,Chelsea FC,Manchester City FC,61,65,REGULAR_SEASON,,33,2026-10-03T12:10:55.361510+00:00,2026-10-03T12:10:55.361512+00:00
Premier League,PL,,560863,2027-04-24T14:00:00Z,TIMED,AFC Bournemouth,Arsenal FC,1044,57,REGULAR_SEASON,,33,2026-10-03T12:10:55.361514+00:00,2026-10-03T12:10:55.361515+00:00
Premier League,PL,,560864,2027-04-24T14:00:00Z,TIMED,Tottenham Hotspur FC,Hull City AFC,73,322,REGULAR_SEASON,,33,2026-10-03T12:10:55.361517+00:00,2026-10-03T12:10:55.361519+00:00
Premier League,PL,,560865,2027-04-24T14:00:00Z,TIMED,Manchester United FC,Crystal Palace FC,66,354,REGULAR_SEASON,,33,2026-10-03T12:10:55.361521+00:00,2026-10-03T12:10:55.361522+00:00
Premier League,PL,,560866,2027-04-24T14:00:00Z,TIMED,Everton FC,Brighton & Hove Albion FC,62,397,REGULAR_SEASON,,33,2026-10-03T12:10:55.361529+00:00,2026-10-03T12:10:55.361530+00:00
Premier League,PL,,560867,2027-04-24T14:00:00Z,TIMED,Nottingham Forest FC,Sunderland AFC,351,71,REGULAR_SEASON,,33,2026-10-03T12:10:55.361532+00:00,2026-10-03T12:10:55.361534+00:00
Premier League,PL,,560868,2027-04-24T14:00:00Z,TIMED,Newcastle United FC,Ipswich Town FC,67,349,REGULAR_SEASON,,33,2026-10-03T12:10:55.361536+00:00,2026-10-03T12:10:55.361537+00:00
Premier League,PL,,560869,2027-04-24T14:00:00Z,TIMED,Aston Villa FC,Coventry City FC,58,1076,REGULAR_SEASON,,33,2026-10-03T12:10:55.361541+00:00,2026-10-03T12:10:55.361542+00:00
Premier League,PL,,560870,2027-04-24T14:00:00Z,TIMED,Brentford FC,Fulham FC,402,63,REGULAR_SEASON,,33,2026-10-03T12:10:55.361545+00:00,2026-10-03T12:10:55.361546+00:00
Premier League,PL,,560871,2027-04-24T14:00:00Z,TIMED,Leeds United FC,Liverpool FC,341,64,REGULAR_SEASON,,33,2026-10-03T12:10:55.361548+00:00,2026-10-03T12:10:55.361549+00:00
Premier League,PL,,560872,2027-05-01T14:00:00Z,TIMED,Sunderland AFC,Newcastle United FC,71,67,REGULAR_SEASON,,34,2026-10-03T12:10:55.361551+00:00,2026-10-03T12:10:55.361553+00:00
Premier League,PL,,560873,2027-05-01T14:00:00Z,TIMED,Brighton & Hove Albion FC,Nottingham Forest FC,397,351,REGULAR_SEASON,,34,2026-10-03T12:10:55.361555+00:00,2026-10-03T12:10:55.361556+00:00
Premier League,PL,,560874,2027-05-01T14:00:00Z,TIMED,Coventry City FC,Manchester United FC,1076,66,REGULAR_SEASON,,34,2026-10-03T12:10:55.361558+00:00,2026-10-03T12:10:55.361560+00:00
Premier League,PL,,560875,2027-05-01T14:00:00Z,TIMED,Hull City AFC,AFC Bournemouth,322,1044,REGULAR_SEASON,,34,2026-10-03T12:10:55.361562+00:00,2026-10-03T12:10:55.361563+00:00
Premier League,PL,,560876,2027-05-01T14:00:00Z,TIMED,Manchester City FC,Brentford FC,65,402,REGULAR_SEASON,,34,2026-10-03T12:10:55.361567+00:00,2026-10-03T12:10:55.361568+00:00
Premier League,PL,,560877,2027-05-01T14:00:00Z,TIMED,Fulham FC,Everton FC,63,62,REGULAR_SEASON,,34,2026-10-03T12:10:55.361571+00:00,2026-10-03T12:10:55.361572+00:00
Premier League,PL,,560878,2027-05-01T14:00:00Z,TIMED,Liverpool FC,Chelsea FC,64,61,REGULAR_SEASON,,34,2026-10-03T12:10:55.361574+00:00,2026-10-03T12:10:55.361575+00:00
Premier League,PL,,560879,2027-05-01T14:00:00Z,TIMED,Arsenal FC,Tottenham Hotspur FC,57,73,REGULAR_SEASON,,34,2026-10-03T12:10:55.361577+00:00,2026-10-03T12:10:55.361579+00:00
Premier League,PL,,560880,2027-05-01T14:00:00Z,TIMED,Crystal Palace FC,Aston Villa FC,354,58,REGULAR_SEASON,,34,2026-10-03T12:10:55.361581+00:00,2026-10-03T12:10:55.361582+00:00
Premier League,PL,,560881,2027-05-01T14:00:00Z,TIMED,Ipswich Town FC,Leeds United FC,349,341,REGULAR_SEASON,,34,2026-10-03T12:10:55.361584+00:00,2026-10-03T12:10:55.361586+00:00
Premier League,PL,,560882,2027-05-08T14:00:00Z,TIMED,Manchester City FC,Liverpool FC,65,64,REGULAR_SEASON,,35,2026-10-03T12:10:55.361588+00:00,2026-10-03T12:10:55.361589+00:00
Premier League,PL,,560883,2027-05-08T14:00:00Z,TIMED,Leeds United FC,Arsenal FC,341,57,REGULAR_SEASON,,35,2026-10-03T12:10:55.361591+00:00,2026-10-03T12:10:55.361592+00:00
Premier League,PL,,560884,2027-05-08T14:00:00Z,TIMED,Fulham FC,Ipswich Town FC,63,349,REGULAR_SEASON,,35,2026-10-03T12:10:55.361594+00:00,2026-10-03T12:10:55.361596+00:00
Premier League,PL,,560885,2027-05-08T14:00:00Z,TIMED,Nottingham Forest FC,Crystal Palace FC,351,354,REGULAR_SEASON,,35,2026-10-03T12:10:55.361598+00:00,2026-10-03T12:10:55.361599+00:00
Premier League,PL,,560886,2027-05-08T14:00:00Z,TIMED,Brentford FC,Aston Villa FC,402,58,REGULAR_SEASON,,35,2026-10-03T12:10:55.361603+00:00,2026-10-03T12:10:55.361605+00:00
Premier League,PL,,560887,2027-05-08T14:00:00Z,TIMED,Newcastle United FC,Coventry City FC,67,1076,REGULAR_SEASON,,35,2026-10-03T12:10:55.361607+00:00,2026-10-03T12:10:55.361608+00:00
Premier League,PL,,560888,2027-05-08T14:00:00Z,TIMED,Brighton & Hove Albion FC,Sunderland AFC,397,71,REGULAR_SEASON,,35,2026-10-03T12:10:55.361610+00:00,2026-10-03T12:10:55.361612+00:00
Premier League,PL,,560889,2027-05-08T14:00:00Z,TIMED,Tottenham Hotspur FC,Chelsea FC,73,61,REGULAR_SEASON,,35,2026-10-03T12:10:55.361614+00:00,2026-10-03T12:10:55.361615+00:00
Premier League,PL,,560890,2027-05-08T14:00:00Z,TIMED,Everton FC,Hull City AFC,62,322,REGULAR_SEASON,,35,2026-10-03T12:10:55.361619+00:00,2026-10-03T12:10:55.361620+00:00
Premier League,PL,,560891,2027-05-08T14:00:00Z,TIMED,AFC Bournemouth,Manchester United FC,1044,66,REGULAR_SEASON,,35,2026-10-03T12:10:55.361623+00:00,2026-10-03T12:10:55.361624+00:00
Premier League,PL,,560896,2027-05-15T14:00:00Z,TIMED,Hull City AFC,Fulham FC,322,63,REGULAR_SEASON,,36,2026-10-03T12:10:55.361626+00:00,2026-10-03T12:10:55.361627+00:00
Premier League,PL,,560897,2027-05-15T14:00:00Z,TIMED,Manchester United FC,Leeds United FC,66,341,REGULAR_SEASON,,36,2026-10-03T12:10:55.361629+00:00,2026-10-03T12:10:55.361631+00:00
Premier League,PL,,560898,2027-05-15T14:00:00Z,TIMED,Crystal Palace FC,Brighton & Hove Albion FC,354,397,REGULAR_SEASON,,36,2026-10-03T12:10:55.361633+00:00,2026-10-03T12:10:55.361634+00:00
Premier League,PL,,560899,2027-05-15T14:00:00Z,TIMED,Aston Villa FC,Newcastle United FC,58,67,REGULAR_SEASON,,36,2026-10-03T12:10:55.361636+00:00,2026-10-03T12:10:55.361638+00:00
Premier League,PL,,560900,2027-05-15T14:00:00Z,TIMED,Chelsea FC,Everton FC,61,62,REGULAR_SEASON,,36,2026-10-03T12:10:55.361647+00:00,2026-10-03T12:10:55.361648+00:00
Premier League,PL,,560901,2027-05-15T14:00:00Z,TIMED,Coventry City FC,Tottenham Hotspur FC,1076,73,REGULAR_SEASON,,36,2026-10-03T12:10:55.361651+00:00,2026-10-03T12:10:55.361652+00:00
Premier League,PL,,560892,2027-05-15T14:00:00Z,TIMED,Sunderland AFC,AFC Bournemouth,71,1044,REGULAR_SEASON,,36,2026-10-03T12:10:55.361654+00:00,2026-10-03T12:10:55.361655+00:00
Premier League,PL,,560893,2027-05-15T14:00:00Z,TIMED,Liverpool FC,Brentford FC,64,402,REGULAR_SEASON,,36,2026-10-03T12:10:55.361657+00:00,2026-10-03T12:10:55.361659+00:00
Premier League,PL,,560894,2027-05-15T14:00:00Z,TIMED,Ipswich Town FC,Manchester City FC,349,65,REGULAR_SEASON,,36,2026-10-03T12:10:55.361661+00:00,2026-10-03T12:10:55.361662+00:00
Premier League,PL,,560895,2027-05-15T14:00:00Z,TIMED,Arsenal FC,Nottingham Forest FC,57,351,REGULAR_SEASON,,36,2026-10-03T12:10:55.361664+00:00,2026-10-03T12:10:55.361666+00:00
Premier League,PL,,560902,2027-05-23T14:00:00Z,TIMED,Brentford FC,Hull City AFC,402,322,REGULAR_SEASON,,37,2026-10-03T12:10:55.361668+00:00,2026-10-03T12:10:55.361669+00:00
Premier League,PL,,560903,2027-05-23T14:00:00Z,TIMED,Newcastle United FC,Crystal Palace FC,67,354,REGULAR_SEASON,,37,2026-10-03T12:10:55.361671+00:00,2026-10-03T12:10:55.361673+00:00
Premier League,PL,,560904,2027-05-23T14:00:00Z,TIMED,Tottenham Hotspur FC,Manchester United FC,73,66,REGULAR_SEASON,,37,2026-10-03T12:10:55.361675+00:00,2026-10-03T12:10:55.361676+00:00
Premier League,PL,,560905,2027-05-23T14:00:00Z,TIMED,Leeds United FC,Sunderland AFC,341,71,REGULAR_SEASON,,37,2026-10-03T12:10:55.361678+00:00,2026-10-03T12:10:55.361679+00:00
Premier League,PL,,560906,2027-05-23T14:00:00Z,TIMED,Brighton & Hove Albion FC,Liverpool FC,397,64,REGULAR_SEASON,,37,2026-10-03T12:10:55.361683+00:00,2026-10-03T12:10:55.361685+00:00
Premier League,PL,,560907,2027-05-23T14:00:00Z,TIMED,Nottingham Forest FC,Ipswich Town FC,351,349,REGULAR_SEASON,,37,2026-10-03T12:10:55.361687+00:00,2026-10-03T12:10:55.361688+00:00
Premier League,PL,,560908,2027-05-23T14:00:00Z,TIMED,AFC Bournemouth,Chelsea FC,1044,61,REGULAR_SEASON,,37,2026-10-03T12:10:55.361690+00:00,2026-10-03T12:10:55.361692+00:00
Premier League,PL,,560909,2027-05-23T14:00:00Z,TIMED,Fulham FC,Coventry City FC,63,1076,REGULAR_SEASON,,37,2026-10-03T12:10:55.361694+00:00,2026-10-03T12:10:55.361695+00:00
Premier League,PL,,560910,2027-05-23T14:00:00Z,TIMED,Everton FC,Arsenal FC,62,57,REGULAR_SEASON,,37,2026-10-03T12:10:55.361697+00:00,2026-10-03T12:10:55.361698+00:00
Premier League,PL,,560911,2027-05-23T14:00:00Z,TIMED,Manchester City FC,Aston Villa FC,65,58,REGULAR_SEASON,,37,2026-10-03T12:10:55.361702+00:00,2026-10-03T12:10:55.361704+00:00
Premier League,PL,,560912,2027-05-30T15:00:00Z,TIMED,Ipswich Town FC,Everton FC,349,62,REGULAR_SEASON,,38,2026-10-03T12:10:55.361706+00:00,2026-10-03T12:10:55.361707+00:00
Premier League,PL,,560913,2027-05-30T15:00:00Z,TIMED,Arsenal FC,Brighton & Hove Albion FC,57,397,REGULAR_SEASON,,38,2026-10-03T12:10:55.361709+00:00,2026-10-03T12:10:55.361711+00:00
Premier League,PL,,560914,2027-05-30T15:00:00Z,TIMED,Liverpool FC,AFC Bournemouth,64,1044,REGULAR_SEASON,,38,2026-10-03T12:10:55.361713+00:00,2026-10-03T12:10:55.361714+00:00
Premier League,PL,,560915,2027-05-30T15:00:00Z,TIMED,Coventry City FC,Nottingham Forest FC,1076,351,REGULAR_SEASON,,38,2026-10-03T12:10:55.361716+00:00,2026-10-03T12:10:55.361717+00:00
Premier League,PL,,560916,2027-05-30T15:00:00Z,TIMED,Aston Villa FC,Tottenham Hotspur FC,58,73,REGULAR_SEASON,,38,2026-10-03T12:10:55.361721+00:00,2026-10-03T12:10:55.361723+00:00
Premier League,PL,,560917,2027-05-30T15:00:00Z,TIMED,Hull City AFC,Newcastle United FC,322,67,REGULAR_SEASON,,38,2026-10-03T12:10:55.361725+00:00,2026-10-03T12:10:55.361726+00:00
Premier League,PL,,560918,2027-05-30T15:00:00Z,TIMED,Manchester United FC,Fulham FC,66,63,REGULAR_SEASON,,38,2026-10-03T12:10:55.361728+00:00,2026-10-03T12:10:55.361730+00:00
Premier League,PL,,560919,2027-05-30T15:00:00Z,TIMED,Sunderland AFC,Manchester City FC,71,65,REGULAR_SEASON,,38,2026-10-03T12:10:55.361732+00:00,2026-10-03T12:10:55.361735+00:00
Premier League,PL,,560920,2027-05-30T15:00:00Z,TIMED,Chelsea FC,Brentford FC,61,402,REGULAR_SEASON,,38,2026-10-03T12:10:55.361737+00:00,2026-10-03T12:10:55.361738+00:00
Premier League,PL,,560921,2027-05-30T15:00:00Z,TIMED,Crystal Palace FC,Leeds United FC,354,341,REGULAR_SEASON,,38,2026-10-03T12:10:55.361740+00:00,2026-10-03T12:10:55.361742+00:00
Primera Division,PD,,564706,2026-10-09T19:00:00Z,TIMED,Málaga CF,RCD Espanyol de Barcelona,84,80,REGULAR_SEASON,,8,2026-10-03T12:10:55.787737+00:00,2026-10-03T12:10:55.787751+00:00
Primera Division,PD,,564698,2026-10-10T12:00:00Z,TIMED,Rayo Vallecano de Madrid,Athletic Club,87,77,REGULAR_SEASON,,8,2026-10-03T12:10:55.787755+00:00,2026-10-03T12:10:55.787757+00:00
Primera Division,PD,,564699,2026-10-10T14:15:00Z,TIMED,Deportivo Alavés,Club Atlético de Madrid,263,78,REGULAR_SEASON,,8,2026-10-03T12:10:55.787760+00:00,2026-10-03T12:10:55.787761+00:00
Primera Division,PD,,564700,2026-10-10T16:30:00Z,TIMED,FC Barcelona,Getafe CF,81,82,REGULAR_SEASON,,8,2026-10-03T12:10:55.787763+00:00,2026-10-03T12:10:55.787764+00:00
Primera Division,PD,,564702,2026-10-10T19:00:00Z,TIMED,Real Madrid CF,Villarreal CF,86,94,REGULAR_SEASON,,8,2026-10-03T12:10:55.787767+00:00,2026-10-03T12:10:55.787768+00:00
Primera Division,PD,,564703,2026-10-11T12:00:00Z,TIMED,Elche CF,RC Celta de Vigo,285,558,REGULAR_SEASON,,8,2026-10-03T12:10:55.787770+00:00,2026-10-03T12:10:55.787772+00:00
Primera Division,PD,,564707,2026-10-11T14:15:00Z,TIMED,Real Sociedad de Fútbol,RC Deportivo La Coruña,92,560,REGULAR_SEASON,,8,2026-10-03T12:10:55.787774+00:00,2026-10-03T12:10:55.787775+00:00
Primera Division,PD,,564701,2026-10-11T16:30:00Z,TIMED,Real Betis Balompié,CA Osasuna,90,79,REGULAR_SEASON,,8,2026-10-03T12:10:55.787777+00:00,2026-10-03T12:10:55.787779+00:00
Primera Division,PD,,564705,2026-10-11T19:00:00Z,TIMED,Real Racing Club de Santander,Valencia CF,5335,95,REGULAR_SEASON,,8,2026-10-03T12:10:55.787781+00:00,2026-10-03T12:10:55.787782+00:00
Primera Division,PD,,564704,2026-10-12T19:00:00Z,TIMED,Levante UD,Sevilla FC,88,559,REGULAR_SEASON,,8,2026-10-03T12:10:55.787784+00:00,2026-10-03T12:10:55.787785+00:00
Primera Division,PD,,564716,2026-10-16T19:00:00Z,TIMED,RC Deportivo La Coruña,Levante UD,560,88,REGULAR_SEASON,,9,2026-10-03T12:10:55.787788+00:00,2026-10-03T12:10:55.787789+00:00
Primera Division,PD,,564710,2026-10-17T12:00:00Z,TIMED,RCD Espanyol de Barcelona,Club Atlético de Madrid,80,78,REGULAR_SEASON,,9,2026-10-03T12:10:55.787791+00:00,2026-10-03T12:10:55.787792+00:00
Primera Division,PD,,564708,2026-10-17T14:15:00Z,TIMED,Villarreal CF,Elche CF,94,285,REGULAR_SEASON,,9,2026-10-03T12:10:55.787795+00:00,2026-10-03T12:10:55.787796+00:00
Primera Division,PD,,564713,2026-10-17T16:30:00Z,TIMED,Real Betis Balompié,FC Barcelona,90,81,REGULAR_SEASON,,9,2026-10-03T12:10:55.787798+00:00,2026-10-03T12:10:55.787799+00:00
Primera Division,PD,,564711,2026-10-17T19:00:00Z,TIMED,Valencia CF,Athletic Club,95,77,REGULAR_SEASON,,9,2026-10-03T12:10:55.787802+00:00,2026-10-03T12:10:55.787803+00:00
Primera Division,PD,,564715,2026-10-18T12:00:00Z,TIMED,CA Osasuna,Real Racing Club de Santander,79,5335,REGULAR_SEASON,,9,2026-10-03T12:10:55.787805+00:00,2026-10-03T12:10:55.787807+00:00
Primera Division,PD,,564712,2026-10-18T14:15:00Z,TIMED,RC Celta de Vigo,Deportivo Alavés,558,263,REGULAR_SEASON,,9,2026-10-03T12:10:55.787809+00:00,2026-10-03T12:10:55.787810+00:00
Primera Division,PD,,564714,2026-10-18T16:30:00Z,TIMED,Málaga CF,Real Sociedad de Fútbol,84,92,REGULAR_SEASON,,9,2026-10-03T12:10:55.787812+00:00,2026-10-03T12:10:55.787814+00:00
Primera Division,PD,,564709,2026-10-18T19:00:00Z,TIMED,Real Madrid CF,Sevilla FC,86,559,REGULAR_SEASON,,9,2026-10-03T12:10:55.787816+00:00,2026-10-03T12:10:55.787817+00:00
Primera Division,PD,,564717,2026-10-19T19:00:00Z,TIMED,Getafe CF,Rayo Vallecano de Madrid,82,87,REGULAR_SEASON,,9,2026-10-03T12:10:55.787819+00:00,2026-10-03T12:10:55.787821+00:00
Primera Division,PD,,564685,2026-10-21T18:00:00Z,TIMED,Levante UD,Athletic Club,88,77,REGULAR_SEASON,,6,2026-10-03T12:10:55.787823+00:00,2026-10-03T12:10:55.787824+00:00
Primera Division,PD,,564719,2026-10-23T19:00:00Z,TIMED,Deportivo Alavés,Málaga CF,263,84,REGULAR_SEASON,,10,2026-10-03T12:10:55.787826+00:00,2026-10-03T12:10:55.787828+00:00
Primera Division,PD,,564718,2026-10-24T12:00:00Z,TIMED,Rayo Vallecano de Madrid,Elche CF,87,285,REGULAR_SEASON,,10,2026-10-03T12:10:55.787830+00:00,2026-10-03T12:10:55.787831+00:00
Primera Division,PD,,564727,2026-10-24T14:15:00Z,TIMED,Real Racing Club de Santander,RCD Espanyol de Barcelona,5335,80,REGULAR_SEASON,,10,2026-10-03T12:10:55.787835+00:00,2026-10-03T12:10:55.787836+00:00
Primera Division,PD,,564722,2026-10-24T16:30:00Z,TIMED,Valencia CF,Villarreal CF,95,94,REGULAR_SEASON,,10,2026-10-03T12:10:55.787838+00:00,2026-10-03T12:10:55.787839+00:00
Primera Division,PD,,564724,2026-10-24T19:00:00Z,TIMED,Club Atlético de Madrid,RC Deportivo La Coruña,78,560,REGULAR_SEASON,,10,2026-10-03T12:10:55.787842+00:00,2026-10-03T12:10:55.787843+00:00
Primera Division,PD,,564720,2026-10-25T13:00:00Z,TIMED,Athletic Club,Getafe CF,77,82,REGULAR_SEASON,,10,2026-10-03T12:10:55.787845+00:00,2026-10-03T12:10:55.787846+00:00
Primera Division,PD,,564725,2026-10-25T15:15:00Z,TIMED,RC Celta de Vigo,Real Betis Balompié,558,90,REGULAR_SEASON,,10,2026-10-03T12:10:55.787849+00:00,2026-10-03T12:10:55.787850+00:00
Primera Division,PD,,564726,2026-10-25T17:30:00Z,TIMED,Real Sociedad de Fútbol,Levante UD,92,88,REGULAR_SEASON,,10,2026-10-03T12:10:55.787852+00:00,2026-10-03T12:10:55.787854+00:00
Primera Division,PD,,564723,2026-10-25T20:00:00Z,TIMED,FC Barcelona,Real Madrid CF,81,86,REGULAR_SEASON,,10,2026-10-03T12:10:55.787856+00:00,2026-10-03T12:10:55.787857+00:00
Primera Division,PD,,564721,2026-10-26T20:00:00Z,TIMED,Sevilla FC,CA Osasuna,559,79,REGULAR_SEASON,,10,2026-10-03T12:10:55.787859+00:00,2026-10-03T12:10:55.787861+00:00
Primera Division,PD,,564736,2026-11-01T00:00:00Z,SCHEDULED,Real Betis Balompié,Málaga CF,90,84,REGULAR_SEASON,,11,2026-10-03T12:10:55.787863+00:00,2026-10-03T12:10:55.787864+00:00
Primera Division,PD,,564737,2026-11-01T00:00:00Z,SCHEDULED,Villarreal CF,RCD Espanyol de Barcelona,94,80,REGULAR_SEASON,,11,2026-10-03T12:10:55.787866+00:00,2026-10-03T12:10:55.787868+00:00
Primera Division,PD,,564728,2026-11-01T00:00:00Z,SCHEDULED,Elche CF,Valencia CF,285,95,REGULAR_SEASON,,11,2026-10-03T12:10:55.787870+00:00,2026-10-03T12:10:55.787871+00:00
Primera Division,PD,,564729,2026-11-01T00:00:00Z,SCHEDULED,Athletic Club,Real Sociedad de Fútbol,77,92,REGULAR_SEASON,,11,2026-10-03T12:10:55.787873+00:00,2026-10-03T12:10:55.787875+00:00
Primera Division,PD,,564730,2026-11-01T00:00:00Z,SCHEDULED,Levante UD,Club Atlético de Madrid,88,78,REGULAR_SEASON,,11,2026-10-03T12:10:55.787877+00:00,2026-10-03T12:10:55.787878+00:00
Primera Division,PD,,564731,2026-11-01T00:00:00Z,SCHEDULED,RC Deportivo La Coruña,CA Osasuna,560,79,REGULAR_SEASON,,11,2026-10-03T12:10:55.787880+00:00,2026-10-03T12:10:55.787882+00:00
Primera Division,PD,,564732,2026-11-01T00:00:00Z,SCHEDULED,FC Barcelona,Deportivo Alavés,81,263,REGULAR_SEASON,,11,2026-10-03T12:10:55.787884+00:00,2026-10-03T12:10:55.787885+00:00
Primera Division,PD,,564733,2026-11-01T00:00:00Z,SCHEDULED,Getafe CF,Sevilla FC,82,559,REGULAR_SEASON,,11,2026-10-03T12:10:55.787887+00:00,2026-10-03T12:10:55.787888+00:00
Primera Division,PD,,564734,2026-11-01T00:00:00Z,SCHEDULED,Real Racing Club de Santander,Real Madrid CF,5335,86,REGULAR_SEASON,,11,2026-10-03T12:10:55.787890+00:00,2026-10-03T12:10:55.787892+00:00
Primera Division,PD,,564735,2026-11-01T00:00:00Z,SCHEDULED,Rayo Vallecano de Madrid,RC Celta de Vigo,87,558,REGULAR_SEASON,,11,2026-10-03T12:10:55.787894+00:00,2026-10-03T12:10:55.787895+00:00
Primera Division,PD,,564738,2026-11-08T00:00:00Z,SCHEDULED,Elche CF,Real Betis Balompié,285,90,REGULAR_SEASON,,12,2026-10-03T12:10:55.787897+00:00,2026-10-03T12:10:55.787899+00:00
Primera Division,PD,,564739,2026-11-08T00:00:00Z,SCHEDULED,CA Osasuna,Athletic Club,79,77,REGULAR_SEASON,,12,2026-10-03T12:10:55.787901+00:00,2026-10-03T12:10:55.787902+00:00
Primera Division,PD,,564740,2026-11-08T00:00:00Z,SCHEDULED,Sevilla FC,Deportivo Alavés,559,263,REGULAR_SEASON,,12,2026-10-03T12:10:55.787904+00:00,2026-10-03T12:10:55.787906+00:00
Primera Division,PD,,564741,2026-11-08T00:00:00Z,SCHEDULED,Valencia CF,Real Madrid CF,95,86,REGULAR_SEASON,,12,2026-10-03T12:10:55.787908+00:00,2026-10-03T12:10:55.787909+00:00
Primera Division,PD,,564742,2026-11-08T00:00:00Z,SCHEDULED,RC Celta de Vigo,Levante UD,558,88,REGULAR_SEASON,,12,2026-10-03T12:10:55.787911+00:00,2026-10-03T12:10:55.787913+00:00
Primera Division,PD,,564743,2026-11-08T00:00:00Z,SCHEDULED,Real Sociedad de Fútbol,Rayo Vallecano de Madrid,92,87,REGULAR_SEASON,,12,2026-10-03T12:10:55.787915+00:00,2026-10-03T12:10:55.787916+00:00
Primera Division,PD,,564744,2026-11-08T00:00:00Z,SCHEDULED,Málaga CF,Real Racing Club de Santander,84,5335,REGULAR_SEASON,,12,2026-10-03T12:10:55.787918+00:00,2026-10-03T12:10:55.787920+00:00
Primera Division,PD,,564745,2026-11-08T00:00:00Z,SCHEDULED,RCD Espanyol de Barcelona,RC Deportivo La Coruña,80,560,REGULAR_SEASON,,12,2026-10-03T12:10:55.787922+00:00,2026-10-03T12:10:55.787923+00:00
Primera Division,PD,,564746,2026-11-08T00:00:00Z,SCHEDULED,Club Atlético de Madrid,FC Barcelona,78,81,REGULAR_SEASON,,12,2026-10-03T12:10:55.787925+00:00,2026-10-03T12:10:55.787927+00:00
Primera Division,PD,,564747,2026-11-08T00:00:00Z,SCHEDULED,Villarreal CF,Getafe CF,94,82,REGULAR_SEASON,,12,2026-10-03T12:10:55.787929+00:00,2026-10-03T12:10:55.787930+00:00
Primera Division,PD,,564748,2026-11-22T00:00:00Z,SCHEDULED,Athletic Club,RCD Espanyol de Barcelona,77,80,REGULAR_SEASON,,13,2026-10-03T12:10:55.787932+00:00,2026-10-03T12:10:55.787934+00:00
Primera Division,PD,,564749,2026-11-22T00:00:00Z,SCHEDULED,FC Barcelona,Villarreal CF,81,94,REGULAR_SEASON,,13,2026-10-03T12:10:55.787936+00:00,2026-10-03T12:10:55.787937+00:00
Primera Division,PD,,564750,2026-11-22T00:00:00Z,SCHEDULED,Real Racing Club de Santander,Real Sociedad de Fútbol,5335,92,REGULAR_SEASON,,13,2026-10-03T12:10:55.787942+00:00,2026-10-03T12:10:55.787944+00:00
Primera Division,PD,,564751,2026-11-22T00:00:00Z,SCHEDULED,Rayo Vallecano de Madrid,Valencia CF,87,95,REGULAR_SEASON,,13,2026-10-03T12:10:55.787946+00:00,2026-10-03T12:10:55.787947+00:00
Primera Division,PD,,564752,2026-11-22T00:00:00Z,SCHEDULED,CA Osasuna,Málaga CF,79,84,REGULAR_SEASON,,13,2026-10-03T12:10:55.787950+00:00,2026-10-03T12:10:55.787951+00:00
Primera Division,PD,,564753,2026-11-22T00:00:00Z,SCHEDULED,Getafe CF,Club Atlético de Madrid,82,78,REGULAR_SEASON,,13,2026-10-03T12:10:55.787953+00:00,2026-10-03T12:10:55.787955+00:00
Primera Division,PD,,564754,2026-11-22T00:00:00Z,SCHEDULED,Real Madrid CF,RC Celta de Vigo,86,558,REGULAR_SEASON,,13,2026-10-03T12:10:55.787957+00:00,2026-10-03T12:10:55.787958+00:00
Primera Division,PD,,564755,2026-11-22T00:00:00Z,SCHEDULED,Deportivo Alavés,RC Deportivo La Coruña,263,560,REGULAR_SEASON,,13,2026-10-03T12:10:55.787960+00:00,2026-10-03T12:10:55.787961+00:00
Primera Division,PD,,564756,2026-11-22T00:00:00Z,SCHEDULED,Sevilla FC,Real Betis Balompié,559,90,REGULAR_SEASON,,13,2026-10-03T12:10:55.787963+00:00,2026-10-03T12:10:55.787965+00:00
Primera Division,PD,,564757,2026-11-22T00:00:00Z,SCHEDULED,Levante UD,Elche CF,88,285,REGULAR_SEASON,,13,2026-10-03T12:10:55.787967+00:00,2026-10-03T12:10:55.787968+00:00
Primera Division,PD,,564758,2026-11-29T00:00:00Z,SCHEDULED,RC Celta de Vigo,Villarreal CF,558,94,REGULAR_SEASON,,14,2026-10-03T12:10:55.787970+00:00,2026-10-03T12:10:55.787972+00:00
Primera Division,PD,,564759,2026-11-29T00:00:00Z,SCHEDULED,Elche CF,Club Atlético de Madrid,285,78,REGULAR_SEASON,,14,2026-10-03T12:10:55.787974+00:00,2026-10-03T12:10:55.787975+00:00
Primera Division,PD,,564760,2026-11-29T00:00:00Z,SCHEDULED,Real Betis Balompié,Rayo Vallecano de Madrid,90,87,REGULAR_SEASON,,14,2026-10-03T12:10:55.787979+00:00,2026-10-03T12:10:55.787980+00:00
Primera Division,PD,,564761,2026-11-29T00:00:00Z,SCHEDULED,Valencia CF,CA Osasuna,95,79,REGULAR_SEASON,,14,2026-10-03T12:10:55.787987+00:00,2026-10-03T12:10:55.787989+00:00
Primera Division,PD,,564762,2026-11-29T00:00:00Z,SCHEDULED,Real Madrid CF,Deportivo Alavés,86,263,REGULAR_SEASON,,14,2026-10-03T12:10:55.787994+00:00,2026-10-03T12:10:55.787996+00:00
Primera Division,PD,,564763,2026-11-29T00:00:00Z,SCHEDULED,RCD Espanyol de Barcelona,Getafe CF,80,82,REGULAR_SEASON,,14,2026-10-03T12:10:55.788011+00:00,2026-10-03T12:10:55.788013+00:00
Primera Division,PD,,564764,2026-11-29T00:00:00Z,SCHEDULED,Real Sociedad de Fútbol,Sevilla FC,92,559,REGULAR_SEASON,,14,2026-10-03T12:10:55.788017+00:00,2026-10-03T12:10:55.788020+00:00
Primera Division,PD,,564765,2026-11-29T00:00:00Z,SCHEDULED,Levante UD,Real Racing Club de Santander,88,5335,REGULAR_SEASON,,14,2026-10-03T12:10:55.788024+00:00,2026-10-03T12:10:55.788026+00:00
Primera Division,PD,,564766,2026-11-29T00:00:00Z,SCHEDULED,RC Deportivo La Coruña,FC Barcelona,560,81,REGULAR_SEASON,,14,2026-10-03T12:10:55.788030+00:00,2026-10-03T12:10:55.788032+00:00
Primera Division,PD,,564767,2026-11-29T00:00:00Z,SCHEDULED,Málaga CF,Athletic Club,84,77,REGULAR_SEASON,,14,2026-10-03T12:10:55.788036+00:00,2026-10-03T12:10:55.788039+00:00
Primera Division,PD,,564768,2026-12-06T00:00:00Z,SCHEDULED,CA Osasuna,Elche CF,79,285,REGULAR_SEASON,,15,2026-10-03T12:10:55.788044+00:00,2026-10-03T12:10:55.788046+00:00
Primera Division,PD,,564769,2026-12-06T00:00:00Z,SCHEDULED,Sevilla FC,Málaga CF,559,84,REGULAR_SEASON,,15,2026-10-03T12:10:55.788050+00:00,2026-10-03T12:10:55.788053+00:00
Primera Division,PD,,564770,2026-12-06T00:00:00Z,SCHEDULED,Deportivo Alavés,RCD Espanyol de Barcelona,263,80,REGULAR_SEASON,,15,2026-10-03T12:10:55.788057+00:00,2026-10-03T12:10:55.788059+00:00
Primera Division,PD,,564771,2026-12-06T00:00:00Z,SCHEDULED,Club Atlético de Madrid,Real Betis Balompié,78,90,REGULAR_SEASON,,15,2026-10-03T12:10:55.788063+00:00,2026-10-03T12:10:55.788065+00:00
Primera Division,PD,,564772,2026-12-06T00:00:00Z,SCHEDULED,Real Racing Club de Santander,RC Deportivo La Coruña,5335,560,REGULAR_SEASON,,15,2026-10-03T12:10:55.788069+00:00,2026-10-03T12:10:55.788072+00:00
Primera Division,PD,,564773,2026-12-06T00:00:00Z,SCHEDULED,FC Barcelona,RC Celta de Vigo,81,558,REGULAR_SEASON,,15,2026-10-03T12:10:55.788075+00:00,2026-10-03T12:10:55.788078+00:00
Primera Division,PD,,564774,2026-12-06T00:00:00Z,SCHEDULED,Getafe CF,Valencia CF,82,95,REGULAR_SEASON,,15,2026-10-03T12:10:55.788081+00:00,2026-10-03T12:10:55.788084+00:00
Primera Division,PD,,564775,2026-12-06T00:00:00Z,SCHEDULED,Athletic Club,Real Madrid CF,77,86,REGULAR_SEASON,,15,2026-10-03T12:10:55.788087+00:00,2026-10-03T12:10:55.788090+00:00
Primera Division,PD,,564776,2026-12-06T00:00:00Z,SCHEDULED,Villarreal CF,Real Sociedad de Fútbol,94,92,REGULAR_SEASON,,15,2026-10-03T12:10:55.788093+00:00,2026-10-03T12:10:55.788096+00:00
Primera Division,PD,,564777,2026-12-06T00:00:00Z,SCHEDULED,Rayo Vallecano de Madrid,Levante UD,87,88,REGULAR_SEASON,,15,2026-10-03T12:10:55.788099+00:00,2026-10-03T12:10:55.788102+00:00
Primera Division,PD,,564778,2026-12-13T00:00:00Z,SCHEDULED,RCD Espanyol de Barcelona,RC Celta de Vigo,80,558,REGULAR_SEASON,,16,2026-10-03T12:10:55.788105+00:00,2026-10-03T12:10:55.788107+00:00
Primera Division,PD,,564779,2026-12-13T00:00:00Z,SCHEDULED,Málaga CF,FC Barcelona,84,81,REGULAR_SEASON,,16,2026-10-03T12:10:55.788111+00:00,2026-10-03T12:10:55.788114+00:00
Primera Division,PD,,564780,2026-12-13T00:00:00Z,SCHEDULED,Real Madrid CF,CA Osasuna,86,79,REGULAR_SEASON,,16,2026-10-03T12:10:55.788118+00:00,2026-10-03T12:10:55.788120+00:00
Primera Division,PD,,564781,2026-12-13T00:00:00Z,SCHEDULED,RC Deportivo La Coruña,Athletic Club,560,77,REGULAR_SEASON,,16,2026-10-03T12:10:55.788123+00:00,2026-10-03T12:10:55.788126+00:00
Primera Division,PD,,564782,2026-12-13T00:00:00Z,SCHEDULED,Levante UD,Deportivo Alavés,88,263,REGULAR_SEASON,,16,2026-10-03T12:10:55.788130+00:00,2026-10-03T12:10:55.788133+00:00
Primera Division,PD,,564783,2026-12-13T00:00:00Z,SCHEDULED,Elche CF,Sevilla FC,285,559,REGULAR_SEASON,,16,2026-10-03T12:10:55.788137+00:00,2026-10-03T12:10:55.788139+00:00
Primera Division,PD,,564784,2026-12-13T00:00:00Z,SCHEDULED,Villarreal CF,Rayo Vallecano de Madrid,94,87,REGULAR_SEASON,,16,2026-10-03T12:10:55.788143+00:00,2026-10-03T12:10:55.788146+00:00
Primera Division,PD,,564785,2026-12-13T00:00:00Z,SCHEDULED,Real Betis Balompié,Real Racing Club de Santander,90,5335,REGULAR_SEASON,,16,2026-10-03T12:10:55.788149+00:00,2026-10-03T12:10:55.788152+00:00
Primera Division,PD,,564786,2026-12-13T00:00:00Z,SCHEDULED,Real Sociedad de Fútbol,Getafe CF,92,82,REGULAR_SEASON,,16,2026-10-03T12:10:55.788155+00:00,2026-10-03T12:10:55.788157+00:00
Primera Division,PD,,564787,2026-12-13T00:00:00Z,SCHEDULED,Club Atlético de Madrid,Valencia CF,78,95,REGULAR_SEASON,,16,2026-10-03T12:10:55.788161+00:00,2026-10-03T12:10:55.788163+00:00
Primera Division,PD,,564788,2026-12-20T00:00:00Z,SCHEDULED,Athletic Club,Real Betis Balompié,77,90,REGULAR_SEASON,,17,2026-10-03T12:10:55.788167+00:00,2026-10-03T12:10:55.788169+00:00
Primera Division,PD,,564789,2026-12-20T00:00:00Z,SCHEDULED,Getafe CF,Levante UD,82,88,REGULAR_SEASON,,17,2026-10-03T12:10:55.788172+00:00,2026-10-03T12:10:55.788175+00:00
Primera Division,PD,,564790,2026-12-20T00:00:00Z,SCHEDULED,Deportivo Alavés,Elche CF,263,285,REGULAR_SEASON,,17,2026-10-03T12:10:55.788179+00:00,2026-10-03T12:10:55.788181+00:00
Primera Division,PD,,564791,2026-12-20T00:00:00Z,SCHEDULED,Valencia CF,RCD Espanyol de Barcelona,95,80,REGULAR_SEASON,,17,2026-10-03T12:10:55.788184+00:00,2026-10-03T12:10:55.788187+00:00
Primera Division,PD,,564792,2026-12-20T00:00:00Z,SCHEDULED,CA Osasuna,Villarreal CF,79,94,REGULAR_SEASON,,17,2026-10-03T12:10:55.788190+00:00,2026-10-03T12:10:55.788192+00:00
Primera Division,PD,,564793,2026-12-20T00:00:00Z,SCHEDULED,FC Barcelona,Real Sociedad de Fútbol,81,92,REGULAR_SEASON,,17,2026-10-03T12:10:55.788196+00:00,2026-10-03T12:10:55.788198+00:00
Primera Division,PD,,564794,2026-12-20T00:00:00Z,SCHEDULED,RC Celta de Vigo,Club Atlético de Madrid,558,78,REGULAR_SEASON,,17,2026-10-03T12:10:55.788202+00:00,2026-10-03T12:10:55.788204+00:00
Primera Division,PD,,564795,2026-12-20T00:00:00Z,SCHEDULED,Rayo Vallecano de Madrid,Málaga CF,87,84,REGULAR_SEASON,,17,2026-10-03T12:10:55.788208+00:00,2026-10-03T12:10:55.788210+00:00
Primera Division,PD,,564796,2026-12-20T00:00:00Z,SCHEDULED,RC Deportivo La Coruña,Real Madrid CF,560,86,REGULAR_SEASON,,17,2026-10-03T12:10:55.788214+00:00,2026-10-03T12:10:55.788216+00:00
Primera Division,PD,,564797,2026-12-20T00:00:00Z,SCHEDULED,Sevilla FC,Real Racing Club de Santander,559,5335,REGULAR_SEASON,,17,2026-10-03T12:10:55.788220+00:00,2026-10-03T12:10:55.788222+00:00
Primera Division,PD,,564798,2027-01-03T00:00:00Z,SCHEDULED,Real Madrid CF,Getafe CF,86,82,REGULAR_SEASON,,18,2026-10-03T12:10:55.788226+00:00,2026-10-03T12:10:55.788229+00:00
Primera Division,PD,,564799,2027-01-03T00:00:00Z,SCHEDULED,Real Sociedad de Fútbol,CA Osasuna,92,79,REGULAR_SEASON,,18,2026-10-03T12:10:55.788232+00:00,2026-10-03T12:10:55.788235+00:00
Primera Division,PD,,564800,2027-01-03T00:00:00Z,SCHEDULED,Levante UD,Valencia CF,88,95,REGULAR_SEASON,,18,2026-10-03T12:10:55.788238+00:00,2026-10-03T12:10:55.788241+00:00
Primera Division,PD,,564801,2027-01-03T00:00:00Z,SCHEDULED,Real Racing Club de Santander,Athletic Club,5335,77,REGULAR_SEASON,,18,2026-10-03T12:10:55.788245+00:00,2026-10-03T12:10:55.788247+00:00
Primera Division,PD,,564802,2027-01-03T00:00:00Z,SCHEDULED,Málaga CF,Elche CF,84,285,REGULAR_SEASON,,18,2026-10-03T12:10:55.788251+00:00,2026-10-03T12:10:55.788253+00:00
Primera Division,PD,,564803,2027-01-03T00:00:00Z,SCHEDULED,Real Betis Balompié,Deportivo Alavés,90,263,REGULAR_SEASON,,18,2026-10-03T12:10:55.788257+00:00,2026-10-03T12:10:55.788259+00:00
Primera Division,PD,,564804,2027-01-03T00:00:00Z,SCHEDULED,RC Celta de Vigo,RC Deportivo La Coruña,558,560,REGULAR_SEASON,,18,2026-10-03T12:10:55.788263+00:00,2026-10-03T12:10:55.788265+00:00
Primera Division,PD,,564805,2027-01-03T00:00:00Z,SCHEDULED,RCD Espanyol de Barcelona,FC Barcelona,80,81,REGULAR_SEASON,,18,2026-10-03T12:10:55.788269+00:00,2026-10-03T12:10:55.788271+00:00
Primera Division,PD,,564806,2027-01-03T00:00:00Z,SCHEDULED,Villarreal CF,Sevilla FC,94,559,REGULAR_SEASON,,18,2026-10-03T12:10:55.788275+00:00,2026-10-03T12:10:55.788277+00:00
Primera Division,PD,,564807,2027-01-03T00:00:00Z,SCHEDULED,Rayo Vallecano de Madrid,Club Atlético de Madrid,87,78,REGULAR_SEASON,,18,2026-10-03T12:10:55.788281+00:00,2026-10-03T12:10:55.788283+00:00
Primera Division,PD,,564808,2027-01-10T00:00:00Z,SCHEDULED,Athletic Club,Villarreal CF,77,94,REGULAR_SEASON,,19,2026-10-03T12:10:55.788287+00:00,2026-10-03T12:10:55.788289+00:00
Primera Division,PD,,564809,2027-01-10T00:00:00Z,SCHEDULED,Elche CF,Getafe CF,285,82,REGULAR_SEASON,,19,2026-10-03T12:10:55.788293+00:00,2026-10-03T12:10:55.788295+00:00
Primera Division,PD,,564810,2027-01-10T00:00:00Z,SCHEDULED,Real Madrid CF,Levante UD,86,88,REGULAR_SEASON,,19,2026-10-03T12:10:55.788299+00:00,2026-10-03T12:10:55.788301+00:00
Primera Division,PD,,564811,2027-01-10T00:00:00Z,SCHEDULED,CA Osasuna,FC Barcelona,79,81,REGULAR_SEASON,,19,2026-10-03T12:10:55.788305+00:00,2026-10-03T12:10:55.788307+00:00
Primera Division,PD,,564812,2027-01-10T00:00:00Z,SCHEDULED,RC Deportivo La Coruña,Rayo Vallecano de Madrid,560,87,REGULAR_SEASON,,19,2026-10-03T12:10:55.788312+00:00,2026-10-03T12:10:55.788314+00:00
Primera Division,PD,,564813,2027-01-10T00:00:00Z,SCHEDULED,Club Atlético de Madrid,Real Racing Club de Santander,78,5335,REGULAR_SEASON,,19,2026-10-03T12:10:55.788318+00:00,2026-10-03T12:10:55.788320+00:00
Primera Division,PD,,564814,2027-01-10T00:00:00Z,SCHEDULED,Deportivo Alavés,Real Sociedad de Fútbol,263,92,REGULAR_SEASON,,19,2026-10-03T12:10:55.788324+00:00,2026-10-03T12:10:55.788327+00:00
Primera Division,PD,,564815,2027-01-10T00:00:00Z,SCHEDULED,Sevilla FC,RC Celta de Vigo,559,558,REGULAR_SEASON,,19,2026-10-03T12:10:55.788331+00:00,2026-10-03T12:10:55.788333+00:00
Primera Division,PD,,564816,2027-01-10T00:00:00Z,SCHEDULED,RCD Espanyol de Barcelona,Real Betis Balompié,80,90,REGULAR_SEASON,,19,2026-10-03T12:10:55.788337+00:00,2026-10-03T12:10:55.788339+00:00
Primera Division,PD,,564817,2027-01-10T00:00:00Z,SCHEDULED,Valencia CF,Málaga CF,95,84,REGULAR_SEASON,,19,2026-10-03T12:10:55.788343+00:00,2026-10-03T12:10:55.788345+00:00
Primera Division,PD,,564818,2027-01-17T00:00:00Z,SCHEDULED,Málaga CF,Real Madrid CF,84,86,REGULAR_SEASON,,20,2026-10-03T12:10:55.788349+00:00,2026-10-03T12:10:55.788351+00:00
Primera Division,PD,,564819,2027-01-17T00:00:00Z,SCHEDULED,FC Barcelona,Elche CF,81,285,REGULAR_SEASON,,20,2026-10-03T12:10:55.788355+00:00,2026-10-03T12:10:55.788357+00:00
Primera Division,PD,,564820,2027-01-17T00:00:00Z,SCHEDULED,Villarreal CF,Deportivo Alavés,94,263,REGULAR_SEASON,,20,2026-10-03T12:10:55.788360+00:00,2026-10-03T12:10:55.788363+00:00
Primera Division,PD,,564821,2027-01-17T00:00:00Z,SCHEDULED,Real Racing Club de Santander,CA Osasuna,5335,79,REGULAR_SEASON,,20,2026-10-03T12:10:55.788367+00:00,2026-10-03T12:10:55.788369+00:00
Primera Division,PD,,564822,2027-01-17T00:00:00Z,SCHEDULED,Levante UD,RCD Espanyol de Barcelona,88,80,REGULAR_SEASON,,20,2026-10-03T12:10:55.788372+00:00,2026-10-03T12:10:55.788375+00:00
Primera Division,PD,,564823,2027-01-17T00:00:00Z,SCHEDULED,RC Celta de Vigo,Valencia CF,558,95,REGULAR_SEASON,,20,2026-10-03T12:10:55.788378+00:00,2026-10-03T12:10:55.788381+00:00
Primera Division,PD,,564824,2027-01-17T00:00:00Z,SCHEDULED,Getafe CF,Athletic Club,82,77,REGULAR_SEASON,,20,2026-10-03T12:10:55.788386+00:00,2026-10-03T12:10:55.788388+00:00
Primera Division,PD,,564825,2027-01-17T00:00:00Z,SCHEDULED,Rayo Vallecano de Madrid,Sevilla FC,87,559,REGULAR_SEASON,,20,2026-10-03T12:10:55.788392+00:00,2026-10-03T12:10:55.788394+00:00
Primera Division,PD,,564826,2027-01-17T00:00:00Z,SCHEDULED,Real Betis Balompié,RC Deportivo La Coruña,90,560,REGULAR_SEASON,,20,2026-10-03T12:10:55.788398+00:00,2026-10-03T12:10:55.788400+00:00
Primera Division,PD,,564827,2027-01-17T00:00:00Z,SCHEDULED,Club Atlético de Madrid,Real Sociedad de Fútbol,78,92,REGULAR_SEASON,,20,2026-10-03T12:10:55.788404+00:00,2026-10-03T12:10:55.788406+00:00
Primera Division,PD,,564828,2027-01-24T00:00:00Z,SCHEDULED,Real Madrid CF,Real Betis Balompié,86,90,REGULAR_SEASON,,21,2026-10-03T12:10:55.788410+00:00,2026-10-03T12:10:55.788412+00:00
Primera Division,PD,,564829,2027-01-24T00:00:00Z,SCHEDULED,Getafe CF,CA Osasuna,82,79,REGULAR_SEASON,,21,2026-10-03T12:10:55.788416+00:00,2026-10-03T12:10:55.788418+00:00
Primera Division,PD,,564830,2027-01-24T00:00:00Z,SCHEDULED,Valencia CF,Sevilla FC,95,559,REGULAR_SEASON,,21,2026-10-03T12:10:55.788422+00:00,2026-10-03T12:10:55.788424+00:00
Primera Division,PD,,564831,2027-01-24T00:00:00Z,SCHEDULED,Elche CF,Rayo Vallecano de Madrid,285,87,REGULAR_SEASON,,21,2026-10-03T12:10:55.788428+00:00,2026-10-03T12:10:55.788431+00:00
Primera Division,PD,,564832,2027-01-24T00:00:00Z,SCHEDULED,Deportivo Alavés,FC Barcelona,263,81,REGULAR_SEASON,,21,2026-10-03T12:10:55.788434+00:00,2026-10-03T12:10:55.788436+00:00
Primera Division,PD,,564833,2027-01-24T00:00:00Z,SCHEDULED,Real Sociedad de Fútbol,Málaga CF,92,84,REGULAR_SEASON,,21,2026-10-03T12:10:55.788440+00:00,2026-10-03T12:10:55.788442+00:00
Primera Division,PD,,564834,2027-01-24T00:00:00Z,SCHEDULED,Real Racing Club de Santander,RC Celta de Vigo,5335,558,REGULAR_SEASON,,21,2026-10-03T12:10:55.788446+00:00,2026-10-03T12:10:55.788448+00:00
Primera Division,PD,,564835,2027-01-24T00:00:00Z,SCHEDULED,Athletic Club,Levante UD,77,88,REGULAR_SEASON,,21,2026-10-03T12:10:55.788452+00:00,2026-10-03T12:10:55.788455+00:00
Primera Division,PD,,564836,2027-01-24T00:00:00Z,SCHEDULED,RCD Espanyol de Barcelona,Villarreal CF,80,94,REGULAR_SEASON,,21,2026-10-03T12:10:55.788458+00:00,2026-10-03T12:10:55.788461+00:00
Primera Division,PD,,564837,2027-01-24T00:00:00Z,SCHEDULED,RC Deportivo La Coruña,Club Atlético de Madrid,560,78,REGULAR_SEASON,,21,2026-10-03T12:10:55.788464+00:00,2026-10-03T12:10:55.788467+00:00
Primera Division,PD,,564838,2027-01-31T00:00:00Z,SCHEDULED,Real Betis Balompié,Elche CF,90,285,REGULAR_SEASON,,22,2026-10-03T12:10:55.788471+00:00,2026-10-03T12:10:55.788473+00:00
Primera Division,PD,,564839,2027-01-31T00:00:00Z,SCHEDULED,Rayo Vallecano de Madrid,Real Madrid CF,87,86,REGULAR_SEASON,,22,2026-10-03T12:10:55.788476+00:00,2026-10-03T12:10:55.788478+00:00
Primera Division,PD,,564840,2027-01-31T00:00:00Z,SCHEDULED,Club Atlético de Madrid,RCD Espanyol de Barcelona,78,80,REGULAR_SEASON,,22,2026-10-03T12:10:55.788481+00:00,2026-10-03T12:10:55.788482+00:00
Primera Division,PD,,564841,2027-01-31T00:00:00Z,SCHEDULED,RC Celta de Vigo,Getafe CF,558,82,REGULAR_SEASON,,22,2026-10-03T12:10:55.788484+00:00,2026-10-03T12:10:55.788485+00:00
Primera Division,PD,,564842,2027-01-31T00:00:00Z,SCHEDULED,Villarreal CF,Real Racing Club de Santander,94,5335,REGULAR_SEASON,,22,2026-10-03T12:10:55.788487+00:00,2026-10-03T12:10:55.788489+00:00
Primera Division,PD,,564843,2027-01-31T00:00:00Z,SCHEDULED,Levante UD,Real Sociedad de Fútbol,88,92,REGULAR_SEASON,,22,2026-10-03T12:10:55.788491+00:00,2026-10-03T12:10:55.788492+00:00
Primera Division,PD,,564844,2027-01-31T00:00:00Z,SCHEDULED,FC Barcelona,Valencia CF,81,95,REGULAR_SEASON,,22,2026-10-03T12:10:55.788494+00:00,2026-10-03T12:10:55.788496+00:00
Primera Division,PD,,564845,2027-01-31T00:00:00Z,SCHEDULED,Sevilla FC,Athletic Club,559,77,REGULAR_SEASON,,22,2026-10-03T12:10:55.788498+00:00,2026-10-03T12:10:55.788499+00:00
Primera Division,PD,,564846,2027-01-31T00:00:00Z,SCHEDULED,CA Osasuna,RC Deportivo La Coruña,79,560,REGULAR_SEASON,,22,2026-10-03T12:10:55.788501+00:00,2026-10-03T12:10:55.788503+00:00
Primera Division,PD,,564847,2027-01-31T00:00:00Z,SCHEDULED,Málaga CF,Deportivo Alavés,84,263,REGULAR_SEASON,,22,2026-10-03T12:10:55.788505+00:00,2026-10-03T12:10:55.788506+00:00
Primera Division,PD,,564848,2027-02-07T00:00:00Z,SCHEDULED,Athletic Club,CA Osasuna,77,79,REGULAR_SEASON,,23,2026-10-03T12:10:55.788509+00:00,2026-10-03T12:10:55.788510+00:00
Primera Division,PD,,564849,2027-02-07T00:00:00Z,SCHEDULED,Deportivo Alavés,RC Celta de Vigo,263,558,REGULAR_SEASON,,23,2026-10-03T12:10:55.788512+00:00,2026-10-03T12:10:55.788514+00:00
Primera Division,PD,,564850,2027-02-07T00:00:00Z,SCHEDULED,Real Betis Balompié,Sevilla FC,90,559,REGULAR_SEASON,,23,2026-10-03T12:10:55.788516+00:00,2026-10-03T12:10:55.788517+00:00
Primera Division,PD,,564851,2027-02-07T00:00:00Z,SCHEDULED,Elche CF,Levante UD,285,88,REGULAR_SEASON,,23,2026-10-03T12:10:55.788520+00:00,2026-10-03T12:10:55.788521+00:00
Primera Division,PD,,564852,2027-02-07T00:00:00Z,SCHEDULED,RCD Espanyol de Barcelona,Rayo Vallecano de Madrid,80,87,REGULAR_SEASON,,23,2026-10-03T12:10:55.788523+00:00,2026-10-03T12:10:55.788525+00:00
Primera Division,PD,,564853,2027-02-07T00:00:00Z,SCHEDULED,Getafe CF,Villarreal CF,82,94,REGULAR_SEASON,,23,2026-10-03T12:10:55.788527+00:00,2026-10-03T12:10:55.788528+00:00
Primera Division,PD,,564854,2027-02-07T00:00:00Z,SCHEDULED,RC Deportivo La Coruña,Málaga CF,560,84,REGULAR_SEASON,,23,2026-10-03T12:10:55.788530+00:00,2026-10-03T12:10:55.788532+00:00
Primera Division,PD,,564855,2027-02-07T00:00:00Z,SCHEDULED,Real Sociedad de Fútbol,Real Madrid CF,92,86,REGULAR_SEASON,,23,2026-10-03T12:10:55.788534+00:00,2026-10-03T12:10:55.788536+00:00
Primera Division,PD,,564856,2027-02-07T00:00:00Z,SCHEDULED,Valencia CF,Real Racing Club de Santander,95,5335,REGULAR_SEASON,,23,2026-10-03T12:10:55.788538+00:00,2026-10-03T12:10:55.788539+00:00
Primera Division,PD,,564857,2027-02-07T00:00:00Z,SCHEDULED,FC Barcelona,Club Atlético de Madrid,81,78,REGULAR_SEASON,,23,2026-10-03T12:10:55.788541+00:00,2026-10-03T12:10:55.788543+00:00
Primera Division,PD,,564858,2027-02-14T00:00:00Z,SCHEDULED,Sevilla FC,RCD Espanyol de Barcelona,559,80,REGULAR_SEASON,,24,2026-10-03T12:10:55.788545+00:00,2026-10-03T12:10:55.788546+00:00
Primera Division,PD,,564859,2027-02-14T00:00:00Z,SCHEDULED,CA Osasuna,Club Atlético de Madrid,79,78,REGULAR_SEASON,,24,2026-10-03T12:10:55.788548+00:00,2026-10-03T12:10:55.788550+00:00
Primera Division,PD,,564860,2027-02-14T00:00:00Z,SCHEDULED,RC Celta de Vigo,Rayo Vallecano de Madrid,558,87,REGULAR_SEASON,,24,2026-10-03T12:10:55.788552+00:00,2026-10-03T12:10:55.788553+00:00
Primera Division,PD,,564861,2027-02-14T00:00:00Z,SCHEDULED,Villarreal CF,FC Barcelona,94,81,REGULAR_SEASON,,24,2026-10-03T12:10:55.788555+00:00,2026-10-03T12:10:55.788557+00:00
Primera Division,PD,,564862,2027-02-14T00:00:00Z,SCHEDULED,Real Sociedad de Fútbol,Real Betis Balompié,92,90,REGULAR_SEASON,,24,2026-10-03T12:10:55.788559+00:00,2026-10-03T12:10:55.788560+00:00
Primera Division,PD,,564863,2027-02-14T00:00:00Z,SCHEDULED,Elche CF,RC Deportivo La Coruña,285,560,REGULAR_SEASON,,24,2026-10-03T12:10:55.788562+00:00,2026-10-03T12:10:55.788564+00:00
Primera Division,PD,,564864,2027-02-14T00:00:00Z,SCHEDULED,Valencia CF,Deportivo Alavés,95,263,REGULAR_SEASON,,24,2026-10-03T12:10:55.788566+00:00,2026-10-03T12:10:55.788567+00:00
Primera Division,PD,,564865,2027-02-14T00:00:00Z,SCHEDULED,Levante UD,Málaga CF,88,84,REGULAR_SEASON,,24,2026-10-03T12:10:55.788569+00:00,2026-10-03T12:10:55.788571+00:00
Primera Division,PD,,564866,2027-02-14T00:00:00Z,SCHEDULED,Real Racing Club de Santander,Getafe CF,5335,82,REGULAR_SEASON,,24,2026-10-03T12:10:55.788573+00:00,2026-10-03T12:10:55.788574+00:00
Primera Division,PD,,564867,2027-02-14T00:00:00Z,SCHEDULED,Real Madrid CF,Athletic Club,86,77,REGULAR_SEASON,,24,2026-10-03T12:10:55.788576+00:00,2026-10-03T12:10:55.788578+00:00
Primera Division,PD,,564868,2027-02-21T00:00:00Z,SCHEDULED,Deportivo Alavés,Real Racing Club de Santander,263,5335,REGULAR_SEASON,,25,2026-10-03T12:10:55.788580+00:00,2026-10-03T12:10:55.788581+00:00
Primera Division,PD,,564869,2027-02-21T00:00:00Z,SCHEDULED,Málaga CF,Real Betis Balompié,84,90,REGULAR_SEASON,,25,2026-10-03T12:10:55.788583+00:00,2026-10-03T12:10:55.788585+00:00
Primera Division,PD,,564870,2027-02-21T00:00:00Z,SCHEDULED,Villarreal CF,Valencia CF,94,95,REGULAR_SEASON,,25,2026-10-03T12:10:55.788587+00:00,2026-10-03T12:10:55.788588+00:00
Primera Division,PD,,564871,2027-02-21T00:00:00Z,SCHEDULED,FC Barcelona,Levante UD,81,88,REGULAR_SEASON,,25,2026-10-03T12:10:55.788590+00:00,2026-10-03T12:10:55.788591+00:00
Primera Division,PD,,564872,2027-02-21T00:00:00Z,SCHEDULED,Athletic Club,RC Celta de Vigo,77,558,REGULAR_SEASON,,25,2026-10-03T12:10:55.788594+00:00,2026-10-03T12:10:55.788595+00:00
Primera Division,PD,,564873,2027-02-21T00:00:00Z,SCHEDULED,RCD Espanyol de Barcelona,CA Osasuna,80,79,REGULAR_SEASON,,25,2026-10-03T12:10:55.788597+00:00,2026-10-03T12:10:55.788598+00:00
Primera Division,PD,,564874,2027-02-21T00:00:00Z,SCHEDULED,Sevilla FC,Real Madrid CF,559,86,REGULAR_SEASON,,25,2026-10-03T12:10:55.788600+00:00,2026-10-03T12:10:55.788602+00:00
Primera Division,PD,,564875,2027-02-21T00:00:00Z,SCHEDULED,Club Atlético de Madrid,Elche CF,78,285,REGULAR_SEASON,,25,2026-10-03T12:10:55.788604+00:00,2026-10-03T12:10:55.788605+00:00
Primera Division,PD,,564876,2027-02-21T00:00:00Z,SCHEDULED,RC Deportivo La Coruña,Real Sociedad de Fútbol,560,92,REGULAR_SEASON,,25,2026-10-03T12:10:55.788608+00:00,2026-10-03T12:10:55.788609+00:00
Primera Division,PD,,564877,2027-02-21T00:00:00Z,SCHEDULED,Rayo Vallecano de Madrid,Getafe CF,87,82,REGULAR_SEASON,,25,2026-10-03T12:10:55.788611+00:00,2026-10-03T12:10:55.788613+00:00
Primera Division,PD,,564878,2027-02-28T00:00:00Z,SCHEDULED,RC Celta de Vigo,RCD Espanyol de Barcelona,558,80,REGULAR_SEASON,,26,2026-10-03T12:10:55.788615+00:00,2026-10-03T12:10:55.788616+00:00
Primera Division,PD,,564879,2027-02-28T00:00:00Z,SCHEDULED,Levante UD,RC Deportivo La Coruña,88,560,REGULAR_SEASON,,26,2026-10-03T12:10:55.788618+00:00,2026-10-03T12:10:55.788620+00:00
Primera Division,PD,,564880,2027-02-28T00:00:00Z,SCHEDULED,Málaga CF,Club Atlético de Madrid,84,78,REGULAR_SEASON,,26,2026-10-03T12:10:55.788622+00:00,2026-10-03T12:10:55.788623+00:00
Primera Division,PD,,564881,2027-02-28T00:00:00Z,SCHEDULED,CA Osasuna,Sevilla FC,79,559,REGULAR_SEASON,,26,2026-10-03T12:10:55.788625+00:00,2026-10-03T12:10:55.788626+00:00
Primera Division,PD,,564882,2027-02-28T00:00:00Z,SCHEDULED,Real Madrid CF,Valencia CF,86,95,REGULAR_SEASON,,26,2026-10-03T12:10:55.788629+00:00,2026-10-03T12:10:55.788630+00:00
Primera Division,PD,,564883,2027-02-28T00:00:00Z,SCHEDULED,Getafe CF,Deportivo Alavés,82,263,REGULAR_SEASON,,26,2026-10-03T12:10:55.788632+00:00,2026-10-03T12:10:55.788633+00:00
Primera Division,PD,,564884,2027-02-28T00:00:00Z,SCHEDULED,Athletic Club,FC Barcelona,77,81,REGULAR_SEASON,,26,2026-10-03T12:10:55.788636+00:00,2026-10-03T12:10:55.788637+00:00
Primera Division,PD,,564885,2027-02-28T00:00:00Z,SCHEDULED,Real Racing Club de Santander,Rayo Vallecano de Madrid,5335,87,REGULAR_SEASON,,26,2026-10-03T12:10:55.788639+00:00,2026-10-03T12:10:55.788640+00:00
Primera Division,PD,,564886,2027-02-28T00:00:00Z,SCHEDULED,Real Betis Balompié,Villarreal CF,90,94,REGULAR_SEASON,,26,2026-10-03T12:10:55.788643+00:00,2026-10-03T12:10:55.788644+00:00
Primera Division,PD,,564887,2027-02-28T00:00:00Z,SCHEDULED,Real Sociedad de Fútbol,Elche CF,92,285,REGULAR_SEASON,,26,2026-10-03T12:10:55.788646+00:00,2026-10-03T12:10:55.788647+00:00
Primera Division,PD,,564888,2027-03-07T00:00:00Z,SCHEDULED,FC Barcelona,Real Betis Balompié,81,90,REGULAR_SEASON,,27,2026-10-03T12:10:55.788651+00:00,2026-10-03T12:10:55.788652+00:00
Primera Division,PD,,564889,2027-03-07T00:00:00Z,SCHEDULED,Elche CF,Málaga CF,285,84,REGULAR_SEASON,,27,2026-10-03T12:10:55.788654+00:00,2026-10-03T12:10:55.788656+00:00
Primera Division,PD,,564890,2027-03-07T00:00:00Z,SCHEDULED,Deportivo Alavés,Athletic Club,263,77,REGULAR_SEASON,,27,2026-10-03T12:10:55.788658+00:00,2026-10-03T12:10:55.788659+00:00
Primera Division,PD,,564891,2027-03-07T00:00:00Z,SCHEDULED,Rayo Vallecano de Madrid,CA Osasuna,87,79,REGULAR_SEASON,,27,2026-10-03T12:10:55.788661+00:00,2026-10-03T12:10:55.788663+00:00
Primera Division,PD,,564892,2027-03-07T00:00:00Z,SCHEDULED,Sevilla FC,Real Sociedad de Fútbol,559,92,REGULAR_SEASON,,27,2026-10-03T12:10:55.788665+00:00,2026-10-03T12:10:55.788666+00:00
Primera Division,PD,,564893,2027-03-07T00:00:00Z,SCHEDULED,Club Atlético de Madrid,RC Celta de Vigo,78,558,REGULAR_SEASON,,27,2026-10-03T12:10:55.788668+00:00,2026-10-03T12:10:55.788670+00:00
Primera Division,PD,,564894,2027-03-07T00:00:00Z,SCHEDULED,Villarreal CF,Real Madrid CF,94,86,REGULAR_SEASON,,27,2026-10-03T12:10:55.788672+00:00,2026-10-03T12:10:55.788673+00:00
Primera Division,PD,,564895,2027-03-07T00:00:00Z,SCHEDULED,Valencia CF,Levante UD,95,88,REGULAR_SEASON,,27,2026-10-03T12:10:55.788675+00:00,2026-10-03T12:10:55.788677+00:00
Primera Division,PD,,564896,2027-03-07T00:00:00Z,SCHEDULED,RC Deportivo La Coruña,Getafe CF,560,82,REGULAR_SEASON,,27,2026-10-03T12:10:55.788679+00:00,2026-10-03T12:10:55.788680+00:00
Primera Division,PD,,564897,2027-03-07T00:00:00Z,SCHEDULED,RCD Espanyol de Barcelona,Real Racing Club de Santander,80,5335,REGULAR_SEASON,,27,2026-10-03T12:10:55.788682+00:00,2026-10-03T12:10:55.788684+00:00
Primera Division,PD,,564898,2027-03-14T00:00:00Z,SCHEDULED,CA Osasuna,RC Celta de Vigo,79,558,REGULAR_SEASON,,28,2026-10-03T12:10:55.788686+00:00,2026-10-03T12:10:55.788687+00:00
Primera Division,PD,,564899,2027-03-14T00:00:00Z,SCHEDULED,Elche CF,Villarreal CF,285,94,REGULAR_SEASON,,28,2026-10-03T12:10:55.788689+00:00,2026-10-03T12:10:55.788691+00:00
Primera Division,PD,,564900,2027-03-14T00:00:00Z,SCHEDULED,Deportivo Alavés,Sevilla FC,263,559,REGULAR_SEASON,,28,2026-10-03T12:10:55.788693+00:00,2026-10-03T12:10:55.788694+00:00
Primera Division,PD,,564901,2027-03-14T00:00:00Z,SCHEDULED,Athletic Club,Valencia CF,77,95,REGULAR_SEASON,,28,2026-10-03T12:10:55.788696+00:00,2026-10-03T12:10:55.788698+00:00
Primera Division,PD,,564902,2027-03-14T00:00:00Z,SCHEDULED,Real Betis Balompié,Levante UD,90,88,REGULAR_SEASON,,28,2026-10-03T12:10:55.788700+00:00,2026-10-03T12:10:55.788701+00:00
Primera Division,PD,,564903,2027-03-14T00:00:00Z,SCHEDULED,Real Racing Club de Santander,Club Atlético de Madrid,5335,78,REGULAR_SEASON,,28,2026-10-03T12:10:55.788703+00:00,2026-10-03T12:10:55.788704+00:00
Primera Division,PD,,564904,2027-03-14T00:00:00Z,SCHEDULED,Málaga CF,Rayo Vallecano de Madrid,84,87,REGULAR_SEASON,,28,2026-10-03T12:10:55.788707+00:00,2026-10-03T12:10:55.788708+00:00
Primera Division,PD,,564905,2027-03-14T00:00:00Z,SCHEDULED,Getafe CF,Real Sociedad de Fútbol,82,92,REGULAR_SEASON,,28,2026-10-03T12:10:55.788710+00:00,2026-10-03T12:10:55.788711+00:00
Primera Division,PD,,564906,2027-03-14T00:00:00Z,SCHEDULED,FC Barcelona,RC Deportivo La Coruña,81,560,REGULAR_SEASON,,28,2026-10-03T12:10:55.788713+00:00,2026-10-03T12:10:55.788715+00:00
Primera Division,PD,,564907,2027-03-14T00:00:00Z,SCHEDULED,Real Madrid CF,RCD Espanyol de Barcelona,86,80,REGULAR_SEASON,,28,2026-10-03T12:10:55.788717+00:00,2026-10-03T12:10:55.788718+00:00
Primera Division,PD,,564908,2027-03-21T00:00:00Z,SCHEDULED,Villarreal CF,Málaga CF,94,84,REGULAR_SEASON,,29,2026-10-03T12:10:55.788720+00:00,2026-10-03T12:10:55.788722+00:00
Primera Division,PD,,564909,2027-03-21T00:00:00Z,SCHEDULED,Sevilla FC,Elche CF,559,285,REGULAR_SEASON,,29,2026-10-03T12:10:55.788724+00:00,2026-10-03T12:10:55.788725+00:00
Primera Division,PD,,564910,2027-03-21T00:00:00Z,SCHEDULED,Levante UD,CA Osasuna,88,79,REGULAR_SEASON,,29,2026-10-03T12:10:55.788727+00:00,2026-10-03T12:10:55.788729+00:00
Primera Division,PD,,564911,2027-03-21T00:00:00Z,SCHEDULED,RC Celta de Vigo,Real Madrid CF,558,86,REGULAR_SEASON,,29,2026-10-03T12:10:55.788731+00:00,2026-10-03T12:10:55.788732+00:00
Primera Division,PD,,564912,2027-03-21T00:00:00Z,SCHEDULED,Rayo Vallecano de Madrid,FC Barcelona,87,81,REGULAR_SEASON,,29,2026-10-03T12:10:55.788734+00:00,2026-10-03T12:10:55.788736+00:00
Primera Division,PD,,564913,2027-03-21T00:00:00Z,SCHEDULED,Real Sociedad de Fútbol,Deportivo Alavés,92,263,REGULAR_SEASON,,29,2026-10-03T12:10:55.788738+00:00,2026-10-03T12:10:55.788739+00:00
Primera Division,PD,,564914,2027-03-21T00:00:00Z,SCHEDULED,RCD Espanyol de Barcelona,Athletic Club,80,77,REGULAR_SEASON,,29,2026-10-03T12:10:55.788741+00:00,2026-10-03T12:10:55.788743+00:00
Primera Division,PD,,564915,2027-03-21T00:00:00Z,SCHEDULED,Real Racing Club de Santander,Real Betis Balompié,5335,90,REGULAR_SEASON,,29,2026-10-03T12:10:55.788745+00:00,2026-10-03T12:10:55.788746+00:00
Primera Division,PD,,564916,2027-03-21T00:00:00Z,SCHEDULED,Valencia CF,RC Deportivo La Coruña,95,560,REGULAR_SEASON,,29,2026-10-03T12:10:55.788748+00:00,2026-10-03T12:10:55.788749+00:00
Primera Division,PD,,564917,2027-03-21T00:00:00Z,SCHEDULED,Club Atlético de Madrid,Getafe CF,78,82,REGULAR_SEASON,,29,2026-10-03T12:10:55.788752+00:00,2026-10-03T12:10:55.788753+00:00
Primera Division,PD,,564918,2027-04-04T00:00:00Z,SCHEDULED,Levante UD,Rayo Vallecano de Madrid,88,87,REGULAR_SEASON,,30,2026-10-03T12:10:55.788755+00:00,2026-10-03T12:10:55.788756+00:00
Primera Division,PD,,564919,2027-04-04T00:00:00Z,SCHEDULED,FC Barcelona,Sevilla FC,81,559,REGULAR_SEASON,,30,2026-10-03T12:10:55.788758+00:00,2026-10-03T12:10:55.788760+00:00
Primera Division,PD,,564920,2027-04-04T00:00:00Z,SCHEDULED,Málaga CF,CA Osasuna,84,79,REGULAR_SEASON,,30,2026-10-03T12:10:55.788762+00:00,2026-10-03T12:10:55.788763+00:00
Primera Division,PD,,564921,2027-04-04T00:00:00Z,SCHEDULED,Athletic Club,Real Racing Club de Santander,77,5335,REGULAR_SEASON,,30,2026-10-03T12:10:55.788765+00:00,2026-10-03T12:10:55.788767+00:00
Primera Division,PD,,564922,2027-04-04T00:00:00Z,SCHEDULED,RC Deportivo La Coruña,Villarreal CF,560,94,REGULAR_SEASON,,30,2026-10-03T12:10:55.788769+00:00,2026-10-03T12:10:55.788770+00:00
Primera Division,PD,,564923,2027-04-04T00:00:00Z,SCHEDULED,Real Sociedad de Fútbol,Valencia CF,92,95,REGULAR_SEASON,,30,2026-10-03T12:10:55.788772+00:00,2026-10-03T12:10:55.788774+00:00
Primera Division,PD,,564924,2027-04-04T00:00:00Z,SCHEDULED,Elche CF,Deportivo Alavés,285,263,REGULAR_SEASON,,30,2026-10-03T12:10:55.788776+00:00,2026-10-03T12:10:55.788777+00:00
Primera Division,PD,,564925,2027-04-04T00:00:00Z,SCHEDULED,Real Madrid CF,Club Atlético de Madrid,86,78,REGULAR_SEASON,,30,2026-10-03T12:10:55.788779+00:00,2026-10-03T12:10:55.788780+00:00
Primera Division,PD,,564926,2027-04-04T00:00:00Z,SCHEDULED,Getafe CF,RCD Espanyol de Barcelona,82,80,REGULAR_SEASON,,30,2026-10-03T12:10:55.788782+00:00,2026-10-03T12:10:55.788784+00:00
Primera Division,PD,,564927,2027-04-04T00:00:00Z,SCHEDULED,Real Betis Balompié,RC Celta de Vigo,90,558,REGULAR_SEASON,,30,2026-10-03T12:10:55.788786+00:00,2026-10-03T12:10:55.788787+00:00
Primera Division,PD,,564928,2027-04-11T00:00:00Z,SCHEDULED,Rayo Vallecano de Madrid,Real Sociedad de Fútbol,87,92,REGULAR_SEASON,,31,2026-10-03T12:10:55.788789+00:00,2026-10-03T12:10:55.788791+00:00
Primera Division,PD,,564929,2027-04-11T00:00:00Z,SCHEDULED,RCD Espanyol de Barcelona,Málaga CF,80,84,REGULAR_SEASON,,31,2026-10-03T12:10:55.788793+00:00,2026-10-03T12:10:55.788794+00:00
Primera Division,PD,,564930,2027-04-11T00:00:00Z,SCHEDULED,Villarreal CF,Athletic Club,94,77,REGULAR_SEASON,,31,2026-10-03T12:10:55.788796+00:00,2026-10-03T12:10:55.788798+00:00
Primera Division,PD,,564931,2027-04-11T00:00:00Z,SCHEDULED,Deportivo Alavés,Real Betis Balompié,263,90,REGULAR_SEASON,,31,2026-10-03T12:10:55.788800+00:00,2026-10-03T12:10:55.788801+00:00
Primera Division,PD,,564932,2027-04-11T00:00:00Z,SCHEDULED,Valencia CF,Getafe CF,95,82,REGULAR_SEASON,,31,2026-10-03T12:10:55.788803+00:00,2026-10-03T12:10:55.788805+00:00
Primera Division,PD,,564933,2027-04-11T00:00:00Z,SCHEDULED,Sevilla FC,RC Deportivo La Coruña,559,560,REGULAR_SEASON,,31,2026-10-03T12:10:55.788810+00:00,2026-10-03T12:10:55.788812+00:00
Primera Division,PD,,564934,2027-04-11T00:00:00Z,SCHEDULED,RC Celta de Vigo,Elche CF,558,285,REGULAR_SEASON,,31,2026-10-03T12:10:55.788814+00:00,2026-10-03T12:10:55.788815+00:00
Primera Division,PD,,564935,2027-04-11T00:00:00Z,SCHEDULED,Real Racing Club de Santander,FC Barcelona,5335,81,REGULAR_SEASON,,31,2026-10-03T12:10:55.788817+00:00,2026-10-03T12:10:55.788819+00:00
Primera Division,PD,,564936,2027-04-11T00:00:00Z,SCHEDULED,CA Osasuna,Real Madrid CF,79,86,REGULAR_SEASON,,31,2026-10-03T12:10:55.788821+00:00,2026-10-03T12:10:55.788822+00:00
Primera Division,PD,,564937,2027-04-11T00:00:00Z,SCHEDULED,Club Atlético de Madrid,Levante UD,78,88,REGULAR_SEASON,,31,2026-10-03T12:10:55.788824+00:00,2026-10-03T12:10:55.788826+00:00
Primera Division,PD,,564938,2027-04-18T00:00:00Z,SCHEDULED,Club Atlético de Madrid,Sevilla FC,78,559,REGULAR_SEASON,,32,2026-10-03T12:10:55.788828+00:00,2026-10-03T12:10:55.788830+00:00
Primera Division,PD,,564939,2027-04-18T00:00:00Z,SCHEDULED,FC Barcelona,RCD Espanyol de Barcelona,81,80,REGULAR_SEASON,,32,2026-10-03T12:10:55.788832+00:00,2026-10-03T12:10:55.788833+00:00
Primera Division,PD,,564940,2027-04-18T00:00:00Z,SCHEDULED,Levante UD,Villarreal CF,88,94,REGULAR_SEASON,,32,2026-10-03T12:10:55.788835+00:00,2026-10-03T12:10:55.788837+00:00
Primera Division,PD,,564941,2027-04-18T00:00:00Z,SCHEDULED,Real Sociedad de Fútbol,Real Racing Club de Santander,92,5335,REGULAR_SEASON,,32,2026-10-03T12:10:55.788839+00:00,2026-10-03T12:10:55.788840+00:00
Primera Division,PD,,564942,2027-04-18T00:00:00Z,SCHEDULED,Málaga CF,Valencia CF,84,95,REGULAR_SEASON,,32,2026-10-03T12:10:55.788842+00:00,2026-10-03T12:10:55.788843+00:00
Primera Division,PD,,564943,2027-04-18T00:00:00Z,SCHEDULED,RC Deportivo La Coruña,RC Celta de Vigo,560,558,REGULAR_SEASON,,32,2026-10-03T12:10:55.788845+00:00,2026-10-03T12:10:55.788847+00:00
Primera Division,PD,,564944,2027-04-18T00:00:00Z,SCHEDULED,Elche CF,CA Osasuna,285,79,REGULAR_SEASON,,32,2026-10-03T12:10:55.788849+00:00,2026-10-03T12:10:55.788850+00:00
Primera Division,PD,,564945,2027-04-18T00:00:00Z,SCHEDULED,Deportivo Alavés,Rayo Vallecano de Madrid,263,87,REGULAR_SEASON,,32,2026-10-03T12:10:55.788852+00:00,2026-10-03T12:10:55.788854+00:00
Primera Division,PD,,564946,2027-04-18T00:00:00Z,SCHEDULED,Real Betis Balompié,Athletic Club,90,77,REGULAR_SEASON,,32,2026-10-03T12:10:55.788856+00:00,2026-10-03T12:10:55.788857+00:00
Primera Division,PD,,564947,2027-04-18T00:00:00Z,SCHEDULED,Getafe CF,Real Madrid CF,82,86,REGULAR_SEASON,,32,2026-10-03T12:10:55.788859+00:00,2026-10-03T12:10:55.788860+00:00
Primera Division,PD,,564948,2027-04-21T00:00:00Z,SCHEDULED,Getafe CF,Real Betis Balompié,82,90,REGULAR_SEASON,,33,2026-10-03T12:10:55.788862+00:00,2026-10-03T12:10:55.788864+00:00
Primera Division,PD,,564949,2027-04-21T00:00:00Z,SCHEDULED,Valencia CF,Rayo Vallecano de Madrid,95,87,REGULAR_SEASON,,33,2026-10-03T12:10:55.788866+00:00,2026-10-03T12:10:55.788867+00:00
Primera Division,PD,,564950,2027-04-21T00:00:00Z,SCHEDULED,RC Celta de Vigo,FC Barcelona,558,81,REGULAR_SEASON,,33,2026-10-03T12:10:55.788869+00:00,2026-10-03T12:10:55.788871+00:00
Primera Division,PD,,564951,2027-04-21T00:00:00Z,SCHEDULED,CA Osasuna,Deportivo Alavés,79,263,REGULAR_SEASON,,33,2026-10-03T12:10:55.788873+00:00,2026-10-03T12:10:55.788874+00:00
Primera Division,PD,,564952,2027-04-21T00:00:00Z,SCHEDULED,Real Madrid CF,Elche CF,86,285,REGULAR_SEASON,,33,2026-10-03T12:10:55.788876+00:00,2026-10-03T12:10:55.788878+00:00
Primera Division,PD,,564953,2027-04-21T00:00:00Z,SCHEDULED,Athletic Club,RC Deportivo La Coruña,77,560,REGULAR_SEASON,,33,2026-10-03T12:10:55.788880+00:00,2026-10-03T12:10:55.788881+00:00
Primera Division,PD,,564954,2027-04-21T00:00:00Z,SCHEDULED,Real Racing Club de Santander,Málaga CF,5335,84,REGULAR_SEASON,,33,2026-10-03T12:10:55.788885+00:00,2026-10-03T12:10:55.788887+00:00
Primera Division,PD,,564955,2027-04-21T00:00:00Z,SCHEDULED,Villarreal CF,Club Atlético de Madrid,94,78,REGULAR_SEASON,,33,2026-10-03T12:10:55.788889+00:00,2026-10-03T12:10:55.788890+00:00
Primera Division,PD,,564956,2027-04-21T00:00:00Z,SCHEDULED,Sevilla FC,Levante UD,559,88,REGULAR_SEASON,,33,2026-10-03T12:10:55.788892+00:00,2026-10-03T12:10:55.788893+00:00
Primera Division,PD,,564957,2027-04-21T00:00:00Z,SCHEDULED,RCD Espanyol de Barcelona,Real Sociedad de Fútbol,80,92,REGULAR_SEASON,,33,2026-10-03T12:10:55.788895+00:00,2026-10-03T12:10:55.788897+00:00
Primera Division,PD,,564958,2027-05-02T00:00:00Z,SCHEDULED,RC Deportivo La Coruña,Real Racing Club de Santander,560,5335,REGULAR_SEASON,,34,2026-10-03T12:10:55.788899+00:00,2026-10-03T12:10:55.788900+00:00
Primera Division,PD,,564959,2027-05-02T00:00:00Z,SCHEDULED,RC Celta de Vigo,Sevilla FC,558,559,REGULAR_SEASON,,34,2026-10-03T12:10:55.788902+00:00,2026-10-03T12:10:55.788904+00:00
Primera Division,PD,,564960,2027-05-02T00:00:00Z,SCHEDULED,Real Sociedad de Fútbol,Athletic Club,92,77,REGULAR_SEASON,,34,2026-10-03T12:10:55.788906+00:00,2026-10-03T12:10:55.788908+00:00
Primera Division,PD,,564961,2027-05-02T00:00:00Z,SCHEDULED,FC Barcelona,CA Osasuna,81,79,REGULAR_SEASON,,34,2026-10-03T12:10:55.788910+00:00,2026-10-03T12:10:55.788911+00:00
Primera Division,PD,,564962,2027-05-02T00:00:00Z,SCHEDULED,Rayo Vallecano de Madrid,Villarreal CF,87,94,REGULAR_SEASON,,34,2026-10-03T12:10:55.788913+00:00,2026-10-03T12:10:55.788915+00:00
Primera Division,PD,,564963,2027-05-02T00:00:00Z,SCHEDULED,Málaga CF,Getafe CF,84,82,REGULAR_SEASON,,34,2026-10-03T12:10:55.788917+00:00,2026-10-03T12:10:55.788918+00:00
Primera Division,PD,,564964,2027-05-02T00:00:00Z,SCHEDULED,Real Betis Balompié,Valencia CF,90,95,REGULAR_SEASON,,34,2026-10-03T12:10:55.788920+00:00,2026-10-03T12:10:55.788922+00:00
Primera Division,PD,,564965,2027-05-02T00:00:00Z,SCHEDULED,Elche CF,RCD Espanyol de Barcelona,285,80,REGULAR_SEASON,,34,2026-10-03T12:10:55.788924+00:00,2026-10-03T12:10:55.788925+00:00
Primera Division,PD,,564966,2027-05-02T00:00:00Z,SCHEDULED,Levante UD,Real Madrid CF,88,86,REGULAR_SEASON,,34,2026-10-03T12:10:55.788927+00:00,2026-10-03T12:10:55.788929+00:00
Primera Division,PD,,564967,2027-05-02T00:00:00Z,SCHEDULED,Club Atlético de Madrid,Deportivo Alavés,78,263,REGULAR_SEASON,,34,2026-10-03T12:10:55.788931+00:00,2026-10-03T12:10:55.788932+00:00
Primera Division,PD,,564968,2027-05-09T00:00:00Z,SCHEDULED,Valencia CF,Club Atlético de Madrid,95,78,REGULAR_SEASON,,35,2026-10-03T12:10:55.788934+00:00,2026-10-03T12:10:55.788936+00:00
Primera Division,PD,,564969,2027-05-09T00:00:00Z,SCHEDULED,CA Osasuna,Real Sociedad de Fútbol,79,92,REGULAR_SEASON,,35,2026-10-03T12:10:55.788938+00:00,2026-10-03T12:10:55.788939+00:00
Primera Division,PD,,564970,2027-05-09T00:00:00Z,SCHEDULED,Deportivo Alavés,Levante UD,263,88,REGULAR_SEASON,,35,2026-10-03T12:10:55.788941+00:00,2026-10-03T12:10:55.788943+00:00
Primera Division,PD,,564971,2027-05-09T00:00:00Z,SCHEDULED,Athletic Club,Málaga CF,77,84,REGULAR_SEASON,,35,2026-10-03T12:10:55.788945+00:00,2026-10-03T12:10:55.788946+00:00
Primera Division,PD,,564972,2027-05-09T00:00:00Z,SCHEDULED,Real Racing Club de Santander,Sevilla FC,5335,559,REGULAR_SEASON,,35,2026-10-03T12:10:55.788948+00:00,2026-10-03T12:10:55.788949+00:00
Primera Division,PD,,564973,2027-05-09T00:00:00Z,SCHEDULED,Rayo Vallecano de Madrid,RC Deportivo La Coruña,87,560,REGULAR_SEASON,,35,2026-10-03T12:10:55.788951+00:00,2026-10-03T12:10:55.788953+00:00
Primera Division,PD,,564974,2027-05-09T00:00:00Z,SCHEDULED,Real Betis Balompié,RCD Espanyol de Barcelona,90,80,REGULAR_SEASON,,35,2026-10-03T12:10:55.788955+00:00,2026-10-03T12:10:55.788956+00:00
Primera Division,PD,,564975,2027-05-09T00:00:00Z,SCHEDULED,Real Madrid CF,FC Barcelona,86,81,REGULAR_SEASON,,35,2026-10-03T12:10:55.788958+00:00,2026-10-03T12:10:55.788962+00:00
Primera Division,PD,,564976,2027-05-09T00:00:00Z,SCHEDULED,Getafe CF,Elche CF,82,285,REGULAR_SEASON,,35,2026-10-03T12:10:55.788964+00:00,2026-10-03T12:10:55.788965+00:00
Primera Division,PD,,564977,2027-05-09T00:00:00Z,SCHEDULED,Villarreal CF,RC Celta de Vigo,94,558,REGULAR_SEASON,,35,2026-10-03T12:10:55.788967+00:00,2026-10-03T12:10:55.788969+00:00
Primera Division,PD,,564978,2027-05-16T00:00:00Z,SCHEDULED,Club Atlético de Madrid,Rayo Vallecano de Madrid,78,87,REGULAR_SEASON,,36,2026-10-03T12:10:55.788971+00:00,2026-10-03T12:10:55.788972+00:00
Primera Division,PD,,564979,2027-05-16T00:00:00Z,SCHEDULED,Sevilla FC,Villarreal CF,559,94,REGULAR_SEASON,,36,2026-10-03T12:10:55.788974+00:00,2026-10-03T12:10:55.788976+00:00
Primera Division,PD,,564980,2027-05-16T00:00:00Z,SCHEDULED,Real Sociedad de Fútbol,FC Barcelona,92,81,REGULAR_SEASON,,36,2026-10-03T12:10:55.788978+00:00,2026-10-03T12:10:55.788979+00:00
Primera Division,PD,,564981,2027-05-16T00:00:00Z,SCHEDULED,Elche CF,Athletic Club,285,77,REGULAR_SEASON,,36,2026-10-03T12:10:55.788981+00:00,2026-10-03T12:10:55.788982+00:00
Primera Division,PD,,564982,2027-05-16T00:00:00Z,SCHEDULED,Málaga CF,RC Celta de Vigo,84,558,REGULAR_SEASON,,36,2026-10-03T12:10:55.788985+00:00,2026-10-03T12:10:55.788986+00:00
Primera Division,PD,,564983,2027-05-16T00:00:00Z,SCHEDULED,RC Deportivo La Coruña,Deportivo Alavés,560,263,REGULAR_SEASON,,36,2026-10-03T12:10:55.788988+00:00,2026-10-03T12:10:55.788989+00:00
Primera Division,PD,,564984,2027-05-16T00:00:00Z,SCHEDULED,Levante UD,Getafe CF,88,82,REGULAR_SEASON,,36,2026-10-03T12:10:55.788992+00:00,2026-10-03T12:10:55.788993+00:00
Primera Division,PD,,564985,2027-05-16T00:00:00Z,SCHEDULED,RCD Espanyol de Barcelona,Valencia CF,80,95,REGULAR_SEASON,,36,2026-10-03T12:10:55.788995+00:00,2026-10-03T12:10:55.788997+00:00
Primera Division,PD,,564986,2027-05-16T00:00:00Z,SCHEDULED,Real Madrid CF,Real Racing Club de Santander,86,5335,REGULAR_SEASON,,36,2026-10-03T12:10:55.788999+00:00,2026-10-03T12:10:55.789013+00:00
Primera Division,PD,,564987,2027-05-16T00:00:00Z,SCHEDULED,CA Osasuna,Real Betis Balompié,79,90,REGULAR_SEASON,,36,2026-10-03T12:10:55.789016+00:00,2026-10-03T12:10:55.789017+00:00
Primera Division,PD,,564992,2027-05-23T00:00:00Z,SCHEDULED,Club Atlético de Madrid,Athletic Club,78,77,REGULAR_SEASON,,37,2026-10-03T12:10:55.789020+00:00,2026-10-03T12:10:55.789021+00:00
Primera Division,PD,,564993,2027-05-23T00:00:00Z,SCHEDULED,Deportivo Alavés,Real Madrid CF,263,86,REGULAR_SEASON,,37,2026-10-03T12:10:55.789023+00:00,2026-10-03T12:10:55.789024+00:00
Primera Division,PD,,564994,2027-05-23T00:00:00Z,SCHEDULED,Sevilla FC,Getafe CF,559,82,REGULAR_SEASON,,37,2026-10-03T12:10:55.789027+00:00,2026-10-03T12:10:55.789028+00:00
Primera Division,PD,,564995,2027-05-23T00:00:00Z,SCHEDULED,Villarreal CF,CA Osasuna,94,79,REGULAR_SEASON,,37,2026-10-03T12:10:55.789030+00:00,2026-10-03T12:10:55.789032+00:00
Primera Division,PD,,564996,2027-05-23T00:00:00Z,SCHEDULED,Real Racing Club de Santander,Levante UD,5335,88,REGULAR_SEASON,,37,2026-10-03T12:10:55.789034+00:00,2026-10-03T12:10:55.789035+00:00
Primera Division,PD,,564997,2027-05-23T00:00:00Z,SCHEDULED,RC Deportivo La Coruña,RCD Espanyol de Barcelona,560,80,REGULAR_SEASON,,37,2026-10-03T12:10:55.789037+00:00,2026-10-03T12:10:55.789038+00:00
Primera Division,PD,,564988,2027-05-23T00:00:00Z,SCHEDULED,Rayo Vallecano de Madrid,Real Betis Balompié,87,90,REGULAR_SEASON,,37,2026-10-03T12:10:55.789040+00:00,2026-10-03T12:10:55.789042+00:00
Primera Division,PD,,564989,2027-05-23T00:00:00Z,SCHEDULED,FC Barcelona,Málaga CF,81,84,REGULAR_SEASON,,37,2026-10-03T12:10:55.789044+00:00,2026-10-03T12:10:55.789045+00:00
Primera Division,PD,,564990,2027-05-23T00:00:00Z,SCHEDULED,Valencia CF,Elche CF,95,285,REGULAR_SEASON,,37,2026-10-03T12:10:55.789047+00:00,2026-10-03T12:10:55.789049+00:00
Primera Division,PD,,564991,2027-05-23T00:00:00Z,SCHEDULED,RC Celta de Vigo,Real Sociedad de Fútbol,558,92,REGULAR_SEASON,,37,2026-10-03T12:10:55.789051+00:00,2026-10-03T12:10:55.789052+00:00
Primera Division,PD,,564998,2027-05-30T00:00:00Z,SCHEDULED,Levante UD,RC Celta de Vigo,88,558,REGULAR_SEASON,,38,2026-10-03T12:10:55.789055+00:00,2026-10-03T12:10:55.789056+00:00
Primera Division,PD,,564999,2027-05-30T00:00:00Z,SCHEDULED,Real Madrid CF,RC Deportivo La Coruña,86,560,REGULAR_SEASON,,38,2026-10-03T12:10:55.789059+00:00,2026-10-03T12:10:55.789060+00:00
Primera Division,PD,,565000,2027-05-30T00:00:00Z,SCHEDULED,Real Betis Balompié,Club Atlético de Madrid,90,78,REGULAR_SEASON,,38,2026-10-03T12:10:55.789062+00:00,2026-10-03T12:10:55.789063+00:00
Primera Division,PD,,565001,2027-05-30T00:00:00Z,SCHEDULED,Real Sociedad de Fútbol,Villarreal CF,92,94,REGULAR_SEASON,,38,2026-10-03T12:10:55.789066+00:00,2026-10-03T12:10:55.789067+00:00
Primera Division,PD,,565002,2027-05-30T00:00:00Z,SCHEDULED,Málaga CF,Sevilla FC,84,559,REGULAR_SEASON,,38,2026-10-03T12:10:55.789069+00:00,2026-10-03T12:10:55.789071+00:00
Primera Division,PD,,565003,2027-05-30T00:00:00Z,SCHEDULED,Elche CF,Real Racing Club de Santander,285,5335,REGULAR_SEASON,,38,2026-10-03T12:10:55.789073+00:00,2026-10-03T12:10:55.789074+00:00
Primera Division,PD,,565004,2027-05-30T00:00:00Z,SCHEDULED,Athletic Club,Rayo Vallecano de Madrid,77,87,REGULAR_SEASON,,38,2026-10-03T12:10:55.789076+00:00,2026-10-03T12:10:55.789078+00:00
Primera Division,PD,,565005,2027-05-30T00:00:00Z,SCHEDULED,RCD Espanyol de Barcelona,Deportivo Alavés,80,263,REGULAR_SEASON,,38,2026-10-03T12:10:55.789080+00:00,2026-10-03T12:10:55.789081+00:00
Primera Division,PD,,565006,2027-05-30T00:00:00Z,SCHEDULED,Getafe CF,FC Barcelona,82,81,REGULAR_SEASON,,38,2026-10-03T12:10:55.789083+00:00,2026-10-03T12:10:55.789085+00:00
Primera Division,PD,,565007,2027-05-30T00:00:00Z,SCHEDULED,CA Osasuna,Valencia CF,79,95,REGULAR_SEASON,,38,2026-10-03T12:10:55.789087+00:00,2026-10-03T12:10:55.789088+00:00
Bundesliga,BL1,,565820,2026-10-09T18:30:00Z,TIMED,Borussia Dortmund,SV Werder Bremen,4,12,REGULAR_SEASON,,5,2026-10-03T12:10:56.214261+00:00,2026-10-03T12:10:56.214277+00:00
Bundesliga,BL1,,565812,2026-10-10T13:30:00Z,TIMED,1. FSV Mainz 05,Bayer 04 Leverkusen,15,3,REGULAR_SEASON,,5,2026-10-03T12:10:56.214282+00:00,2026-10-03T12:10:56.214284+00:00
Bundesliga,BL1,,565813,2026-10-10T13:30:00Z,TIMED,SC Paderborn 07,VfB Stuttgart,29,10,REGULAR_SEASON,,5,2026-10-03T12:10:56.214287+00:00,2026-10-03T12:10:56.214289+00:00
Bundesliga,BL1,,565817,2026-10-10T13:30:00Z,TIMED,1. FC Union Berlin,SV 07 Elversberg,28,719,REGULAR_SEASON,,5,2026-10-03T12:10:56.214291+00:00,2026-10-03T12:10:56.214293+00:00
Bundesliga,BL1,,565818,2026-10-10T13:30:00Z,TIMED,TSG 1899 Hoffenheim,Hamburger SV,2,7,REGULAR_SEASON,,5,2026-10-03T12:10:56.214296+00:00,2026-10-03T12:10:56.214297+00:00
Bundesliga,BL1,,565819,2026-10-10T13:30:00Z,TIMED,FC Augsburg,FC Bayern München,16,5,REGULAR_SEASON,,5,2026-10-03T12:10:56.214300+00:00,2026-10-03T12:10:56.214301+00:00
Bundesliga,BL1,,565815,2026-10-10T16:30:00Z,TIMED,RB Leipzig,Eintracht Frankfurt,721,19,REGULAR_SEASON,,5,2026-10-03T12:10:56.214303+00:00,2026-10-03T12:10:56.214305+00:00
Bundesliga,BL1,,565814,2026-10-11T13:30:00Z,TIMED,1. FC Köln,Borussia Mönchengladbach,1,18,REGULAR_SEASON,,5,2026-10-03T12:10:56.214307+00:00,2026-10-03T12:10:56.214308+00:00
Bundesliga,BL1,,565816,2026-10-11T15:30:00Z,TIMED,SC Freiburg,FC Schalke 04,17,6,REGULAR_SEASON,,5,2026-10-03T12:10:56.214311+00:00,2026-10-03T12:10:56.214312+00:00
Bundesliga,BL1,,565828,2026-10-16T18:30:00Z,TIMED,Eintracht Frankfurt,1. FC Köln,19,1,REGULAR_SEASON,,6,2026-10-03T12:10:56.214314+00:00,2026-10-03T12:10:56.214316+00:00
Bundesliga,BL1,,565821,2026-10-17T13:30:00Z,TIMED,1. FC Union Berlin,Borussia Dortmund,28,4,REGULAR_SEASON,,6,2026-10-03T12:10:56.214318+00:00,2026-10-03T12:10:56.214319+00:00
Bundesliga,BL1,,565822,2026-10-17T13:30:00Z,TIMED,Hamburger SV,VfB Stuttgart,7,10,REGULAR_SEASON,,6,2026-10-03T12:10:56.214321+00:00,2026-10-03T12:10:56.214323+00:00
Bundesliga,BL1,,565823,2026-10-17T13:30:00Z,TIMED,SV Werder Bremen,SC Paderborn 07,12,29,REGULAR_SEASON,,6,2026-10-03T12:10:56.214325+00:00,2026-10-03T12:10:56.214326+00:00
Bundesliga,BL1,,565824,2026-10-17T13:30:00Z,TIMED,SV 07 Elversberg,FC Augsburg,719,16,REGULAR_SEASON,,6,2026-10-03T12:10:56.214328+00:00,2026-10-03T12:10:56.214329+00:00
Bundesliga,BL1,,565829,2026-10-17T13:30:00Z,TIMED,FC Schalke 04,1. FSV Mainz 05,6,15,REGULAR_SEASON,,6,2026-10-03T12:10:56.214332+00:00,2026-10-03T12:10:56.214333+00:00
Bundesliga,BL1,,565825,2026-10-17T16:30:00Z,TIMED,FC Bayern München,RB Leipzig,5,721,REGULAR_SEASON,,6,2026-10-03T12:10:56.214335+00:00,2026-10-03T12:10:56.214337+00:00
Bundesliga,BL1,,565827,2026-10-18T13:30:00Z,TIMED,Bayer 04 Leverkusen,SC Freiburg,3,17,REGULAR_SEASON,,6,2026-10-03T12:10:56.214339+00:00,2026-10-03T12:10:56.214340+00:00
Bundesliga,BL1,,565826,2026-10-18T15:30:00Z,TIMED,Borussia Mönchengladbach,TSG 1899 Hoffenheim,18,2,REGULAR_SEASON,,6,2026-10-03T12:10:56.214342+00:00,2026-10-03T12:10:56.214344+00:00
Bundesliga,BL1,,565833,2026-10-23T18:30:00Z,TIMED,VfB Stuttgart,Borussia Mönchengladbach,10,18,REGULAR_SEASON,,7,2026-10-03T12:10:56.214346+00:00,2026-10-03T12:10:56.214347+00:00
Bundesliga,BL1,,565830,2026-10-24T13:30:00Z,TIMED,1. FSV Mainz 05,SV Werder Bremen,15,12,REGULAR_SEASON,,7,2026-10-03T12:10:56.214349+00:00,2026-10-03T12:10:56.214350+00:00
Bundesliga,BL1,,565831,2026-10-24T13:30:00Z,TIMED,1. FC Köln,FC Schalke 04,1,6,REGULAR_SEASON,,7,2026-10-03T12:10:56.214353+00:00,2026-10-03T12:10:56.214354+00:00
Bundesliga,BL1,,565832,2026-10-24T13:30:00Z,TIMED,RB Leipzig,SV 07 Elversberg,721,719,REGULAR_SEASON,,7,2026-10-03T12:10:56.214356+00:00,2026-10-03T12:10:56.214358+00:00
Bundesliga,BL1,,565834,2026-10-24T13:30:00Z,TIMED,SC Paderborn 07,Hamburger SV,29,7,REGULAR_SEASON,,7,2026-10-03T12:10:56.214360+00:00,2026-10-03T12:10:56.214361+00:00
Bundesliga,BL1,,565838,2026-10-24T13:30:00Z,TIMED,FC Augsburg,1. FC Union Berlin,16,28,REGULAR_SEASON,,7,2026-10-03T12:10:56.214363+00:00,2026-10-03T12:10:56.214365+00:00
Bundesliga,BL1,,565837,2026-10-24T16:30:00Z,TIMED,Borussia Dortmund,Eintracht Frankfurt,4,19,REGULAR_SEASON,,7,2026-10-03T12:10:56.214367+00:00,2026-10-03T12:10:56.214368+00:00
Bundesliga,BL1,,565835,2026-10-25T14:30:00Z,TIMED,TSG 1899 Hoffenheim,Bayer 04 Leverkusen,2,3,REGULAR_SEASON,,7,2026-10-03T12:10:56.214370+00:00,2026-10-03T12:10:56.214372+00:00
Bundesliga,BL1,,565836,2026-10-25T16:30:00Z,TIMED,SC Freiburg,FC Bayern München,17,5,REGULAR_SEASON,,7,2026-10-03T12:10:56.214374+00:00,2026-10-03T12:10:56.214375+00:00
Bundesliga,BL1,,565846,2026-10-30T19:30:00Z,TIMED,SV 07 Elversberg,1. FSV Mainz 05,719,15,REGULAR_SEASON,,8,2026-10-03T12:10:56.214377+00:00,2026-10-03T12:10:56.214379+00:00
Bundesliga,BL1,,565839,2026-10-31T14:30:00Z,TIMED,Borussia Mönchengladbach,SC Paderborn 07,18,29,REGULAR_SEASON,,8,2026-10-03T12:10:56.214381+00:00,2026-10-03T12:10:56.214382+00:00
Bundesliga,BL1,,565840,2026-10-31T14:30:00Z,TIMED,FC Schalke 04,RB Leipzig,6,721,REGULAR_SEASON,,8,2026-10-03T12:10:56.214384+00:00,2026-10-03T12:10:56.214385+00:00
Bundesliga,BL1,,565842,2026-10-31T14:30:00Z,TIMED,FC Augsburg,SC Freiburg,16,17,REGULAR_SEASON,,8,2026-10-03T12:10:56.214388+00:00,2026-10-03T12:10:56.214389+00:00
Bundesliga,BL1,,565843,2026-10-31T14:30:00Z,TIMED,SV Werder Bremen,TSG 1899 Hoffenheim,12,2,REGULAR_SEASON,,8,2026-10-03T12:10:56.214391+00:00,2026-10-03T12:10:56.214392+00:00
Bundesliga,BL1,,565847,2026-10-31T14:30:00Z,TIMED,Bayer 04 Leverkusen,VfB Stuttgart,3,10,REGULAR_SEASON,,8,2026-10-03T12:10:56.214396+00:00,2026-10-03T12:10:56.214397+00:00
Bundesliga,BL1,,565845,2026-10-31T17:30:00Z,TIMED,FC Bayern München,Borussia Dortmund,5,4,REGULAR_SEASON,,8,2026-10-03T12:10:56.214403+00:00,2026-10-03T12:10:56.214404+00:00
Bundesliga,BL1,,565841,2026-11-01T14:30:00Z,TIMED,1. FC Union Berlin,1. FC Köln,28,1,REGULAR_SEASON,,8,2026-10-03T12:10:56.214406+00:00,2026-10-03T12:10:56.214408+00:00
Bundesliga,BL1,,565844,2026-11-01T16:30:00Z,TIMED,Eintracht Frankfurt,Hamburger SV,19,7,REGULAR_SEASON,,8,2026-10-03T12:10:56.214410+00:00,2026-10-03T12:10:56.214411+00:00
Bundesliga,BL1,,565852,2026-11-06T19:30:00Z,TIMED,Hamburger SV,Borussia Mönchengladbach,7,18,REGULAR_SEASON,,9,2026-10-03T12:10:56.214413+00:00,2026-10-03T12:10:56.214415+00:00
Bundesliga,BL1,,565848,2026-11-07T14:30:00Z,TIMED,RB Leipzig,FC Augsburg,721,16,REGULAR_SEASON,,9,2026-10-03T12:10:56.214417+00:00,2026-10-03T12:10:56.214418+00:00
Bundesliga,BL1,,565850,2026-11-07T14:30:00Z,TIMED,Borussia Dortmund,SV 07 Elversberg,4,719,REGULAR_SEASON,,9,2026-10-03T12:10:56.214420+00:00,2026-10-03T12:10:56.214422+00:00
Bundesliga,BL1,,565851,2026-11-07T14:30:00Z,TIMED,1. FSV Mainz 05,FC Bayern München,15,5,REGULAR_SEASON,,9,2026-10-03T12:10:56.214424+00:00,2026-10-03T12:10:56.214425+00:00
Bundesliga,BL1,,565853,2026-11-07T14:30:00Z,TIMED,SC Paderborn 07,Eintracht Frankfurt,29,19,REGULAR_SEASON,,9,2026-10-03T12:10:56.214428+00:00,2026-10-03T12:10:56.214429+00:00
Bundesliga,BL1,,565849,2026-11-07T17:30:00Z,TIMED,VfB Stuttgart,SV Werder Bremen,10,12,REGULAR_SEASON,,9,2026-10-03T12:10:56.214431+00:00,2026-10-03T12:10:56.214432+00:00
Bundesliga,BL1,,565855,2026-11-08T14:30:00Z,TIMED,1. FC Köln,Bayer 04 Leverkusen,1,3,REGULAR_SEASON,,9,2026-10-03T12:10:56.214434+00:00,2026-10-03T12:10:56.214436+00:00
Bundesliga,BL1,,565854,2026-11-08T16:30:00Z,TIMED,SC Freiburg,1. FC Union Berlin,17,28,REGULAR_SEASON,,9,2026-10-03T12:10:56.214438+00:00,2026-10-03T12:10:56.214439+00:00
Bundesliga,BL1,,565856,2026-11-08T18:30:00Z,TIMED,TSG 1899 Hoffenheim,FC Schalke 04,2,6,REGULAR_SEASON,,9,2026-10-03T12:10:56.214442+00:00,2026-10-03T12:10:56.214443+00:00
Bundesliga,BL1,,565859,2026-11-20T19:30:00Z,TIMED,FC Bayern München,1. FC Köln,5,1,REGULAR_SEASON,,10,2026-10-03T12:10:56.214445+00:00,2026-10-03T12:10:56.214446+00:00
Bundesliga,BL1,,565857,2026-11-21T14:30:00Z,TIMED,Bayer 04 Leverkusen,SC Paderborn 07,3,29,REGULAR_SEASON,,10,2026-10-03T12:10:56.214448+00:00,2026-10-03T12:10:56.214450+00:00
Bundesliga,BL1,,565858,2026-11-21T14:30:00Z,TIMED,1. FC Union Berlin,RB Leipzig,28,721,REGULAR_SEASON,,10,2026-10-03T12:10:56.214452+00:00,2026-10-03T12:10:56.214453+00:00
Bundesliga,BL1,,565860,2026-11-21T14:30:00Z,TIMED,SV 07 Elversberg,SC Freiburg,719,17,REGULAR_SEASON,,10,2026-10-03T12:10:56.214456+00:00,2026-10-03T12:10:56.214457+00:00
Bundesliga,BL1,,565862,2026-11-21T14:30:00Z,TIMED,Borussia Mönchengladbach,Borussia Dortmund,18,4,REGULAR_SEASON,,10,2026-10-03T12:10:56.214459+00:00,2026-10-03T12:10:56.214460+00:00
Bundesliga,BL1,,565865,2026-11-21T14:30:00Z,TIMED,Eintracht Frankfurt,TSG 1899 Hoffenheim,19,2,REGULAR_SEASON,,10,2026-10-03T12:10:56.214463+00:00,2026-10-03T12:10:56.214464+00:00
Bundesliga,BL1,,565861,2026-11-21T17:30:00Z,TIMED,FC Schalke 04,VfB Stuttgart,6,10,REGULAR_SEASON,,10,2026-10-03T12:10:56.214466+00:00,2026-10-03T12:10:56.214468+00:00
Bundesliga,BL1,,565864,2026-11-22T14:30:00Z,TIMED,FC Augsburg,1. FSV Mainz 05,16,15,REGULAR_SEASON,,10,2026-10-03T12:10:56.214470+00:00,2026-10-03T12:10:56.214471+00:00
Bundesliga,BL1,,565863,2026-11-22T16:30:00Z,TIMED,SV Werder Bremen,Hamburger SV,12,7,REGULAR_SEASON,,10,2026-10-03T12:10:56.214473+00:00,2026-10-03T12:10:56.214474+00:00
Bundesliga,BL1,,565869,2026-11-27T19:30:00Z,TIMED,SV Werder Bremen,Borussia Mönchengladbach,12,18,REGULAR_SEASON,,11,2026-10-03T12:10:56.214477+00:00,2026-10-03T12:10:56.214478+00:00
Bundesliga,BL1,,565866,2026-11-28T14:30:00Z,TIMED,1. FC Köln,SV 07 Elversberg,1,719,REGULAR_SEASON,,11,2026-10-03T12:10:56.214480+00:00,2026-10-03T12:10:56.214482+00:00
Bundesliga,BL1,,565867,2026-11-28T14:30:00Z,TIMED,1. FSV Mainz 05,1. FC Union Berlin,15,28,REGULAR_SEASON,,11,2026-10-03T12:10:56.214484+00:00,2026-10-03T12:10:56.214485+00:00
Bundesliga,BL1,,565868,2026-11-28T14:30:00Z,TIMED,SC Paderborn 07,FC Schalke 04,29,6,REGULAR_SEASON,,11,2026-10-03T12:10:56.214487+00:00,2026-10-03T12:10:56.214488+00:00
Bundesliga,BL1,,565874,2026-11-28T14:30:00Z,TIMED,Hamburger SV,FC Bayern München,7,5,REGULAR_SEASON,,11,2026-10-03T12:10:56.214491+00:00,2026-10-03T12:10:56.214492+00:00
Bundesliga,BL1,,565870,2026-11-28T17:30:00Z,TIMED,VfB Stuttgart,Eintracht Frankfurt,10,19,REGULAR_SEASON,,11,2026-10-03T12:10:56.214494+00:00,2026-10-03T12:10:56.214495+00:00
Bundesliga,BL1,,565873,2026-11-29T14:30:00Z,TIMED,SC Freiburg,RB Leipzig,17,721,REGULAR_SEASON,,11,2026-10-03T12:10:56.214497+00:00,2026-10-03T12:10:56.214499+00:00
Bundesliga,BL1,,565871,2026-11-29T16:30:00Z,TIMED,TSG 1899 Hoffenheim,FC Augsburg,2,16,REGULAR_SEASON,,11,2026-10-03T12:10:56.214501+00:00,2026-10-03T12:10:56.214502+00:00
Bundesliga,BL1,,565872,2026-11-29T18:30:00Z,TIMED,Borussia Dortmund,Bayer 04 Leverkusen,4,3,REGULAR_SEASON,,11,2026-10-03T12:10:56.214505+00:00,2026-10-03T12:10:56.214506+00:00
Bundesliga,BL1,,565875,2026-12-05T00:00:00Z,SCHEDULED,1. FC Union Berlin,Hamburger SV,28,7,REGULAR_SEASON,,12,2026-10-03T12:10:56.214508+00:00,2026-10-03T12:10:56.214509+00:00
Bundesliga,BL1,,565876,2026-12-05T00:00:00Z,SCHEDULED,FC Schalke 04,Borussia Dortmund,6,4,REGULAR_SEASON,,12,2026-10-03T12:10:56.214512+00:00,2026-10-03T12:10:56.214513+00:00
Bundesliga,BL1,,565877,2026-12-05T00:00:00Z,SCHEDULED,Bayer 04 Leverkusen,Borussia Mönchengladbach,3,18,REGULAR_SEASON,,12,2026-10-03T12:10:56.214515+00:00,2026-10-03T12:10:56.214516+00:00
Bundesliga,BL1,,565878,2026-12-05T00:00:00Z,SCHEDULED,Eintracht Frankfurt,SV Werder Bremen,19,12,REGULAR_SEASON,,12,2026-10-03T12:10:56.214518+00:00,2026-10-03T12:10:56.214520+00:00
Bundesliga,BL1,,565879,2026-12-05T00:00:00Z,SCHEDULED,RB Leipzig,1. FSV Mainz 05,721,15,REGULAR_SEASON,,12,2026-10-03T12:10:56.214522+00:00,2026-10-03T12:10:56.214523+00:00
Bundesliga,BL1,,565880,2026-12-05T00:00:00Z,SCHEDULED,SV 07 Elversberg,VfB Stuttgart,719,10,REGULAR_SEASON,,12,2026-10-03T12:10:56.214525+00:00,2026-10-03T12:10:56.214527+00:00
Bundesliga,BL1,,565881,2026-12-05T00:00:00Z,SCHEDULED,SC Freiburg,TSG 1899 Hoffenheim,17,2,REGULAR_SEASON,,12,2026-10-03T12:10:56.214529+00:00,2026-10-03T12:10:56.214530+00:00
Bundesliga,BL1,,565882,2026-12-05T00:00:00Z,SCHEDULED,FC Bayern München,SC Paderborn 07,5,29,REGULAR_SEASON,,12,2026-10-03T12:10:56.214532+00:00,2026-10-03T12:10:56.214534+00:00
Bundesliga,BL1,,565883,2026-12-05T00:00:00Z,SCHEDULED,FC Augsburg,1. FC Köln,16,1,REGULAR_SEASON,,12,2026-10-03T12:10:56.214536+00:00,2026-10-03T12:10:56.214537+00:00
Bundesliga,BL1,,565884,2026-12-12T00:00:00Z,SCHEDULED,SC Paderborn 07,SV 07 Elversberg,29,719,REGULAR_SEASON,,13,2026-10-03T12:10:56.214539+00:00,2026-10-03T12:10:56.214540+00:00
Bundesliga,BL1,,565885,2026-12-12T00:00:00Z,SCHEDULED,SV Werder Bremen,Bayer 04 Leverkusen,12,3,REGULAR_SEASON,,13,2026-10-03T12:10:56.214543+00:00,2026-10-03T12:10:56.214544+00:00
Bundesliga,BL1,,565886,2026-12-12T00:00:00Z,SCHEDULED,VfB Stuttgart,1. FC Union Berlin,10,28,REGULAR_SEASON,,13,2026-10-03T12:10:56.214546+00:00,2026-10-03T12:10:56.214547+00:00
Bundesliga,BL1,,565887,2026-12-12T00:00:00Z,SCHEDULED,Borussia Dortmund,FC Augsburg,4,16,REGULAR_SEASON,,13,2026-10-03T12:10:56.214550+00:00,2026-10-03T12:10:56.214551+00:00
Bundesliga,BL1,,565888,2026-12-12T00:00:00Z,SCHEDULED,Hamburger SV,FC Schalke 04,7,6,REGULAR_SEASON,,13,2026-10-03T12:10:56.214553+00:00,2026-10-03T12:10:56.214554+00:00
Bundesliga,BL1,,565889,2026-12-12T00:00:00Z,SCHEDULED,1. FSV Mainz 05,SC Freiburg,15,17,REGULAR_SEASON,,13,2026-10-03T12:10:56.214556+00:00,2026-10-03T12:10:56.214558+00:00
Bundesliga,BL1,,565890,2026-12-12T00:00:00Z,SCHEDULED,1. FC Köln,RB Leipzig,1,721,REGULAR_SEASON,,13,2026-10-03T12:10:56.214560+00:00,2026-10-03T12:10:56.214561+00:00
Bundesliga,BL1,,565891,2026-12-12T00:00:00Z,SCHEDULED,TSG 1899 Hoffenheim,FC Bayern München,2,5,REGULAR_SEASON,,13,2026-10-03T12:10:56.214563+00:00,2026-10-03T12:10:56.214564+00:00
Bundesliga,BL1,,565892,2026-12-12T00:00:00Z,SCHEDULED,Borussia Mönchengladbach,Eintracht Frankfurt,18,19,REGULAR_SEASON,,13,2026-10-03T12:10:56.214567+00:00,2026-10-03T12:10:56.214568+00:00
Bundesliga,BL1,,565893,2026-12-19T00:00:00Z,SCHEDULED,FC Schalke 04,Borussia Mönchengladbach,6,18,REGULAR_SEASON,,14,2026-10-03T12:10:56.214570+00:00,2026-10-03T12:10:56.214572+00:00
Bundesliga,BL1,,565894,2026-12-19T00:00:00Z,SCHEDULED,FC Bayern München,SV Werder Bremen,5,12,REGULAR_SEASON,,14,2026-10-03T12:10:56.214574+00:00,2026-10-03T12:10:56.214575+00:00
Bundesliga,BL1,,565895,2026-12-19T00:00:00Z,SCHEDULED,SV 07 Elversberg,Hamburger SV,719,7,REGULAR_SEASON,,14,2026-10-03T12:10:56.214577+00:00,2026-10-03T12:10:56.214579+00:00
Bundesliga,BL1,,565896,2026-12-19T00:00:00Z,SCHEDULED,Bayer 04 Leverkusen,Eintracht Frankfurt,3,19,REGULAR_SEASON,,14,2026-10-03T12:10:56.214581+00:00,2026-10-03T12:10:56.214582+00:00
Bundesliga,BL1,,565897,2026-12-19T00:00:00Z,SCHEDULED,SC Freiburg,VfB Stuttgart,17,10,REGULAR_SEASON,,14,2026-10-03T12:10:56.214584+00:00,2026-10-03T12:10:56.214586+00:00
Bundesliga,BL1,,565898,2026-12-19T00:00:00Z,SCHEDULED,RB Leipzig,Borussia Dortmund,721,4,REGULAR_SEASON,,14,2026-10-03T12:10:56.214588+00:00,2026-10-03T12:10:56.214589+00:00
Bundesliga,BL1,,565899,2026-12-19T00:00:00Z,SCHEDULED,1. FSV Mainz 05,1. FC Köln,15,1,REGULAR_SEASON,,14,2026-10-03T12:10:56.214591+00:00,2026-10-03T12:10:56.214593+00:00
Bundesliga,BL1,,565900,2026-12-19T00:00:00Z,SCHEDULED,1. FC Union Berlin,TSG 1899 Hoffenheim,28,2,REGULAR_SEASON,,14,2026-10-03T12:10:56.214595+00:00,2026-10-03T12:10:56.214596+00:00
Bundesliga,BL1,,565901,2026-12-19T00:00:00Z,SCHEDULED,FC Augsburg,SC Paderborn 07,16,29,REGULAR_SEASON,,14,2026-10-03T12:10:56.214598+00:00,2026-10-03T12:10:56.214600+00:00
Bundesliga,BL1,,565902,2027-01-09T00:00:00Z,SCHEDULED,VfB Stuttgart,FC Augsburg,10,16,REGULAR_SEASON,,15,2026-10-03T12:10:56.214602+00:00,2026-10-03T12:10:56.214603+00:00
Bundesliga,BL1,,565903,2027-01-09T00:00:00Z,SCHEDULED,Hamburger SV,Bayer 04 Leverkusen,7,3,REGULAR_SEASON,,15,2026-10-03T12:10:56.214605+00:00,2026-10-03T12:10:56.214607+00:00
Bundesliga,BL1,,565904,2027-01-09T00:00:00Z,SCHEDULED,1. FC Köln,SC Freiburg,1,17,REGULAR_SEASON,,15,2026-10-03T12:10:56.214609+00:00,2026-10-03T12:10:56.214610+00:00
Bundesliga,BL1,,565905,2027-01-09T00:00:00Z,SCHEDULED,Eintracht Frankfurt,FC Schalke 04,19,6,REGULAR_SEASON,,15,2026-10-03T12:10:56.214612+00:00,2026-10-03T12:10:56.214614+00:00
Bundesliga,BL1,,565906,2027-01-09T00:00:00Z,SCHEDULED,TSG 1899 Hoffenheim,SV 07 Elversberg,2,719,REGULAR_SEASON,,15,2026-10-03T12:10:56.214616+00:00,2026-10-03T12:10:56.214617+00:00
Bundesliga,BL1,,565907,2027-01-09T00:00:00Z,SCHEDULED,Borussia Mönchengladbach,FC Bayern München,18,5,REGULAR_SEASON,,15,2026-10-03T12:10:56.214619+00:00,2026-10-03T12:10:56.214621+00:00
Bundesliga,BL1,,565908,2027-01-09T00:00:00Z,SCHEDULED,Borussia Dortmund,1. FSV Mainz 05,4,15,REGULAR_SEASON,,15,2026-10-03T12:10:56.214623+00:00,2026-10-03T12:10:56.214624+00:00
Bundesliga,BL1,,565909,2027-01-09T00:00:00Z,SCHEDULED,SV Werder Bremen,1. FC Union Berlin,12,28,REGULAR_SEASON,,15,2026-10-03T12:10:56.214626+00:00,2026-10-03T12:10:56.214627+00:00
Bundesliga,BL1,,565910,2027-01-09T00:00:00Z,SCHEDULED,SC Paderborn 07,RB Leipzig,29,721,REGULAR_SEASON,,15,2026-10-03T12:10:56.214629+00:00,2026-10-03T12:10:56.214631+00:00
Bundesliga,BL1,,565911,2027-01-13T00:00:00Z,SCHEDULED,1. FSV Mainz 05,TSG 1899 Hoffenheim,15,2,REGULAR_SEASON,,16,2026-10-03T12:10:56.214633+00:00,2026-10-03T12:10:56.214634+00:00
Bundesliga,BL1,,565912,2027-01-13T00:00:00Z,SCHEDULED,SC Freiburg,Hamburger SV,17,7,REGULAR_SEASON,,16,2026-10-03T12:10:56.214636+00:00,2026-10-03T12:10:56.214638+00:00
Bundesliga,BL1,,565913,2027-01-13T00:00:00Z,SCHEDULED,FC Schalke 04,SV Werder Bremen,6,12,REGULAR_SEASON,,16,2026-10-03T12:10:56.214640+00:00,2026-10-03T12:10:56.214641+00:00
Bundesliga,BL1,,565914,2027-01-13T00:00:00Z,SCHEDULED,RB Leipzig,VfB Stuttgart,721,10,REGULAR_SEASON,,16,2026-10-03T12:10:56.214643+00:00,2026-10-03T12:10:56.214645+00:00
Bundesliga,BL1,,565915,2027-01-13T00:00:00Z,SCHEDULED,1. FC Union Berlin,SC Paderborn 07,28,29,REGULAR_SEASON,,16,2026-10-03T12:10:56.214647+00:00,2026-10-03T12:10:56.214648+00:00
Bundesliga,BL1,,565916,2027-01-13T00:00:00Z,SCHEDULED,FC Bayern München,Bayer 04 Leverkusen,5,3,REGULAR_SEASON,,16,2026-10-03T12:10:56.214650+00:00,2026-10-03T12:10:56.214651+00:00
Bundesliga,BL1,,565917,2027-01-13T00:00:00Z,SCHEDULED,FC Augsburg,Borussia Mönchengladbach,16,18,REGULAR_SEASON,,16,2026-10-03T12:10:56.214654+00:00,2026-10-03T12:10:56.214655+00:00
Bundesliga,BL1,,565918,2027-01-13T00:00:00Z,SCHEDULED,SV 07 Elversberg,Eintracht Frankfurt,719,19,REGULAR_SEASON,,16,2026-10-03T12:10:56.214657+00:00,2026-10-03T12:10:56.214658+00:00
Bundesliga,BL1,,565919,2027-01-13T00:00:00Z,SCHEDULED,1. FC Köln,Borussia Dortmund,1,4,REGULAR_SEASON,,16,2026-10-03T12:10:56.214661+00:00,2026-10-03T12:10:56.214662+00:00
Bundesliga,BL1,,565920,2027-01-16T00:00:00Z,SCHEDULED,SV Werder Bremen,SV 07 Elversberg,12,719,REGULAR_SEASON,,17,2026-10-03T12:10:56.214664+00:00,2026-10-03T12:10:56.214665+00:00
Bundesliga,BL1,,565921,2027-01-16T00:00:00Z,SCHEDULED,Eintracht Frankfurt,FC Bayern München,19,5,REGULAR_SEASON,,17,2026-10-03T12:10:56.214667+00:00,2026-10-03T12:10:56.214669+00:00
Bundesliga,BL1,,565922,2027-01-16T00:00:00Z,SCHEDULED,SC Paderborn 07,1. FC Köln,29,1,REGULAR_SEASON,,17,2026-10-03T12:10:56.214671+00:00,2026-10-03T12:10:56.214672+00:00
Bundesliga,BL1,,565923,2027-01-16T00:00:00Z,SCHEDULED,TSG 1899 Hoffenheim,RB Leipzig,2,721,REGULAR_SEASON,,17,2026-10-03T12:10:56.214674+00:00,2026-10-03T12:10:56.214676+00:00
Bundesliga,BL1,,565924,2027-01-16T00:00:00Z,SCHEDULED,Bayer 04 Leverkusen,FC Schalke 04,3,6,REGULAR_SEASON,,17,2026-10-03T12:10:56.214678+00:00,2026-10-03T12:10:56.214679+00:00
Bundesliga,BL1,,565925,2027-01-16T00:00:00Z,SCHEDULED,VfB Stuttgart,1. FSV Mainz 05,10,15,REGULAR_SEASON,,17,2026-10-03T12:10:56.214681+00:00,2026-10-03T12:10:56.214682+00:00
Bundesliga,BL1,,565926,2027-01-16T00:00:00Z,SCHEDULED,Hamburger SV,FC Augsburg,7,16,REGULAR_SEASON,,17,2026-10-03T12:10:56.214684+00:00,2026-10-03T12:10:56.214686+00:00
Bundesliga,BL1,,565927,2027-01-16T00:00:00Z,SCHEDULED,Borussia Mönchengladbach,1. FC Union Berlin,18,28,REGULAR_SEASON,,17,2026-10-03T12:10:56.214688+00:00,2026-10-03T12:10:56.214689+00:00
Bundesliga,BL1,,565928,2027-01-16T00:00:00Z,SCHEDULED,Borussia Dortmund,SC Freiburg,4,17,REGULAR_SEASON,,17,2026-10-03T12:10:56.214691+00:00,2026-10-03T12:10:56.214693+00:00
Bundesliga,BL1,,565929,2027-01-23T00:00:00Z,SCHEDULED,SV Werder Bremen,SC Freiburg,12,17,REGULAR_SEASON,,18,2026-10-03T12:10:56.214695+00:00,2026-10-03T12:10:56.214696+00:00
Bundesliga,BL1,,565930,2027-01-23T00:00:00Z,SCHEDULED,Hamburger SV,Borussia Dortmund,7,4,REGULAR_SEASON,,18,2026-10-03T12:10:56.214698+00:00,2026-10-03T12:10:56.214700+00:00
Bundesliga,BL1,,565931,2027-01-23T00:00:00Z,SCHEDULED,SC Paderborn 07,1. FSV Mainz 05,29,15,REGULAR_SEASON,,18,2026-10-03T12:10:56.214702+00:00,2026-10-03T12:10:56.214703+00:00
Bundesliga,BL1,,565932,2027-01-23T00:00:00Z,SCHEDULED,FC Schalke 04,FC Augsburg,6,16,REGULAR_SEASON,,18,2026-10-03T12:10:56.214706+00:00,2026-10-03T12:10:56.214708+00:00
Bundesliga,BL1,,565933,2027-01-23T00:00:00Z,SCHEDULED,TSG 1899 Hoffenheim,1. FC Köln,2,1,REGULAR_SEASON,,18,2026-10-03T12:10:56.214710+00:00,2026-10-03T12:10:56.214711+00:00
Bundesliga,BL1,,565934,2027-01-23T00:00:00Z,SCHEDULED,VfB Stuttgart,FC Bayern München,10,5,REGULAR_SEASON,,18,2026-10-03T12:10:56.214713+00:00,2026-10-03T12:10:56.214715+00:00
Bundesliga,BL1,,565935,2027-01-23T00:00:00Z,SCHEDULED,Borussia Mönchengladbach,RB Leipzig,18,721,REGULAR_SEASON,,18,2026-10-03T12:10:56.214717+00:00,2026-10-03T12:10:56.214718+00:00
Bundesliga,BL1,,565936,2027-01-23T00:00:00Z,SCHEDULED,Eintracht Frankfurt,1. FC Union Berlin,19,28,REGULAR_SEASON,,18,2026-10-03T12:10:56.214720+00:00,2026-10-03T12:10:56.214722+00:00
Bundesliga,BL1,,565937,2027-01-23T00:00:00Z,SCHEDULED,Bayer 04 Leverkusen,SV 07 Elversberg,3,719,REGULAR_SEASON,,18,2026-10-03T12:10:56.214724+00:00,2026-10-03T12:10:56.214725+00:00
Bundesliga,BL1,,565938,2027-01-30T00:00:00Z,SCHEDULED,SV 07 Elversberg,Borussia Mönchengladbach,719,18,REGULAR_SEASON,,19,2026-10-03T12:10:56.214727+00:00,2026-10-03T12:10:56.214728+00:00
Bundesliga,BL1,,565939,2027-01-30T00:00:00Z,SCHEDULED,FC Augsburg,Eintracht Frankfurt,16,19,REGULAR_SEASON,,19,2026-10-03T12:10:56.214730+00:00,2026-10-03T12:10:56.214732+00:00
Bundesliga,BL1,,565940,2027-01-30T00:00:00Z,SCHEDULED,1. FSV Mainz 05,Hamburger SV,15,7,REGULAR_SEASON,,19,2026-10-03T12:10:56.214734+00:00,2026-10-03T12:10:56.214735+00:00
Bundesliga,BL1,,565941,2027-01-30T00:00:00Z,SCHEDULED,RB Leipzig,SV Werder Bremen,721,12,REGULAR_SEASON,,19,2026-10-03T12:10:56.214737+00:00,2026-10-03T12:10:56.214739+00:00
Bundesliga,BL1,,565942,2027-01-30T00:00:00Z,SCHEDULED,1. FC Köln,VfB Stuttgart,1,10,REGULAR_SEASON,,19,2026-10-03T12:10:56.214741+00:00,2026-10-03T12:10:56.214742+00:00
Bundesliga,BL1,,565943,2027-01-30T00:00:00Z,SCHEDULED,1. FC Union Berlin,Bayer 04 Leverkusen,28,3,REGULAR_SEASON,,19,2026-10-03T12:10:56.214744+00:00,2026-10-03T12:10:56.214746+00:00
Bundesliga,BL1,,565944,2027-01-30T00:00:00Z,SCHEDULED,SC Freiburg,SC Paderborn 07,17,29,REGULAR_SEASON,,19,2026-10-03T12:10:56.214748+00:00,2026-10-03T12:10:56.214749+00:00
Bundesliga,BL1,,565945,2027-01-30T00:00:00Z,SCHEDULED,Borussia Dortmund,TSG 1899 Hoffenheim,4,2,REGULAR_SEASON,,19,2026-10-03T12:10:56.214751+00:00,2026-10-03T12:10:56.214753+00:00
Bundesliga,BL1,,565946,2027-01-30T00:00:00Z,SCHEDULED,FC Bayern München,FC Schalke 04,5,6,REGULAR_SEASON,,19,2026-10-03T12:10:56.214755+00:00,2026-10-03T12:10:56.214756+00:00
Bundesliga,BL1,,565947,2027-02-06T00:00:00Z,SCHEDULED,Eintracht Frankfurt,1. FSV Mainz 05,19,15,REGULAR_SEASON,,20,2026-10-03T12:10:56.214758+00:00,2026-10-03T12:10:56.214759+00:00
Bundesliga,BL1,,565948,2027-02-06T00:00:00Z,SCHEDULED,Borussia Mönchengladbach,SC Freiburg,18,17,REGULAR_SEASON,,20,2026-10-03T12:10:56.214762+00:00,2026-10-03T12:10:56.214763+00:00
Bundesliga,BL1,,565949,2027-02-06T00:00:00Z,SCHEDULED,FC Schalke 04,1. FC Union Berlin,6,28,REGULAR_SEASON,,20,2026-10-03T12:10:56.214765+00:00,2026-10-03T12:10:56.214766+00:00
Bundesliga,BL1,,565950,2027-02-06T00:00:00Z,SCHEDULED,Hamburger SV,RB Leipzig,7,721,REGULAR_SEASON,,20,2026-10-03T12:10:56.214769+00:00,2026-10-03T12:10:56.214770+00:00
Bundesliga,BL1,,565951,2027-02-06T00:00:00Z,SCHEDULED,Bayer 04 Leverkusen,FC Augsburg,3,16,REGULAR_SEASON,,20,2026-10-03T12:10:56.214772+00:00,2026-10-03T12:10:56.214773+00:00
Bundesliga,BL1,,565952,2027-02-06T00:00:00Z,SCHEDULED,SV Werder Bremen,1. FC Köln,12,1,REGULAR_SEASON,,20,2026-10-03T12:10:56.214776+00:00,2026-10-03T12:10:56.214777+00:00
Bundesliga,BL1,,565953,2027-02-06T00:00:00Z,SCHEDULED,VfB Stuttgart,TSG 1899 Hoffenheim,10,2,REGULAR_SEASON,,20,2026-10-03T12:10:56.214779+00:00,2026-10-03T12:10:56.214781+00:00
Bundesliga,BL1,,565954,2027-02-06T00:00:00Z,SCHEDULED,FC Bayern München,SV 07 Elversberg,5,719,REGULAR_SEASON,,20,2026-10-03T12:10:56.214783+00:00,2026-10-03T12:10:56.214784+00:00
Bundesliga,BL1,,565955,2027-02-06T00:00:00Z,SCHEDULED,SC Paderborn 07,Borussia Dortmund,29,4,REGULAR_SEASON,,20,2026-10-03T12:10:56.214786+00:00,2026-10-03T12:10:56.214788+00:00
Bundesliga,BL1,,565956,2027-02-13T00:00:00Z,SCHEDULED,1. FC Köln,Hamburger SV,1,7,REGULAR_SEASON,,21,2026-10-03T12:10:56.214790+00:00,2026-10-03T12:10:56.214791+00:00
Bundesliga,BL1,,565957,2027-02-13T00:00:00Z,SCHEDULED,1. FSV Mainz 05,Borussia Mönchengladbach,15,18,REGULAR_SEASON,,21,2026-10-03T12:10:56.214793+00:00,2026-10-03T12:10:56.214795+00:00
Bundesliga,BL1,,565958,2027-02-13T00:00:00Z,SCHEDULED,1. FC Union Berlin,FC Bayern München,28,5,REGULAR_SEASON,,21,2026-10-03T12:10:56.214797+00:00,2026-10-03T12:10:56.214798+00:00
Bundesliga,BL1,,565959,2027-02-13T00:00:00Z,SCHEDULED,SV 07 Elversberg,FC Schalke 04,719,6,REGULAR_SEASON,,21,2026-10-03T12:10:56.214800+00:00,2026-10-03T12:10:56.214802+00:00
Bundesliga,BL1,,565960,2027-02-13T00:00:00Z,SCHEDULED,Borussia Dortmund,VfB Stuttgart,4,10,REGULAR_SEASON,,21,2026-10-03T12:10:56.214804+00:00,2026-10-03T12:10:56.214805+00:00
Bundesliga,BL1,,565961,2027-02-13T00:00:00Z,SCHEDULED,TSG 1899 Hoffenheim,SC Paderborn 07,2,29,REGULAR_SEASON,,21,2026-10-03T12:10:56.214807+00:00,2026-10-03T12:10:56.214809+00:00
Bundesliga,BL1,,565962,2027-02-13T00:00:00Z,SCHEDULED,SC Freiburg,Eintracht Frankfurt,17,19,REGULAR_SEASON,,21,2026-10-03T12:10:56.214811+00:00,2026-10-03T12:10:56.214812+00:00
Bundesliga,BL1,,565963,2027-02-13T00:00:00Z,SCHEDULED,FC Augsburg,SV Werder Bremen,16,12,REGULAR_SEASON,,21,2026-10-03T12:10:56.214814+00:00,2026-10-03T12:10:56.214816+00:00
Bundesliga,BL1,,565964,2027-02-13T00:00:00Z,SCHEDULED,RB Leipzig,Bayer 04 Leverkusen,721,3,REGULAR_SEASON,,21,2026-10-03T12:10:56.214818+00:00,2026-10-03T12:10:56.214819+00:00
Bundesliga,BL1,,565965,2027-02-20T00:00:00Z,SCHEDULED,FC Schalke 04,SC Freiburg,6,17,REGULAR_SEASON,,22,2026-10-03T12:10:56.214821+00:00,2026-10-03T12:10:56.214822+00:00
Bundesliga,BL1,,565966,2027-02-20T00:00:00Z,SCHEDULED,VfB Stuttgart,SC Paderborn 07,10,29,REGULAR_SEASON,,22,2026-10-03T12:10:56.214825+00:00,2026-10-03T12:10:56.214827+00:00
Bundesliga,BL1,,565967,2027-02-20T00:00:00Z,SCHEDULED,Borussia Mönchengladbach,1. FC Köln,18,1,REGULAR_SEASON,,22,2026-10-03T12:10:56.214829+00:00,2026-10-03T12:10:56.214830+00:00
Bundesliga,BL1,,565968,2027-02-20T00:00:00Z,SCHEDULED,SV Werder Bremen,Borussia Dortmund,12,4,REGULAR_SEASON,,22,2026-10-03T12:10:56.214832+00:00,2026-10-03T12:10:56.214834+00:00
Bundesliga,BL1,,565969,2027-02-20T00:00:00Z,SCHEDULED,Hamburger SV,TSG 1899 Hoffenheim,7,2,REGULAR_SEASON,,22,2026-10-03T12:10:56.214836+00:00,2026-10-03T12:10:56.214837+00:00
Bundesliga,BL1,,565970,2027-02-20T00:00:00Z,SCHEDULED,Bayer 04 Leverkusen,1. FSV Mainz 05,3,15,REGULAR_SEASON,,22,2026-10-03T12:10:56.214839+00:00,2026-10-03T12:10:56.214841+00:00
Bundesliga,BL1,,565971,2027-02-20T00:00:00Z,SCHEDULED,Eintracht Frankfurt,RB Leipzig,19,721,REGULAR_SEASON,,22,2026-10-03T12:10:56.214843+00:00,2026-10-03T12:10:56.214844+00:00
Bundesliga,BL1,,565972,2027-02-20T00:00:00Z,SCHEDULED,FC Bayern München,FC Augsburg,5,16,REGULAR_SEASON,,22,2026-10-03T12:10:56.214846+00:00,2026-10-03T12:10:56.214847+00:00
Bundesliga,BL1,,565973,2027-02-20T00:00:00Z,SCHEDULED,SV 07 Elversberg,1. FC Union Berlin,719,28,REGULAR_SEASON,,22,2026-10-03T12:10:56.214850+00:00,2026-10-03T12:10:56.214851+00:00
Bundesliga,BL1,,565974,2027-02-27T00:00:00Z,SCHEDULED,VfB Stuttgart,Hamburger SV,10,7,REGULAR_SEASON,,23,2026-10-03T12:10:56.214853+00:00,2026-10-03T12:10:56.214854+00:00
Bundesliga,BL1,,565975,2027-02-27T00:00:00Z,SCHEDULED,1. FC Köln,Eintracht Frankfurt,1,19,REGULAR_SEASON,,23,2026-10-03T12:10:56.214856+00:00,2026-10-03T12:10:56.214858+00:00
Bundesliga,BL1,,565976,2027-02-27T00:00:00Z,SCHEDULED,SC Freiburg,Bayer 04 Leverkusen,17,3,REGULAR_SEASON,,23,2026-10-03T12:10:56.214860+00:00,2026-10-03T12:10:56.214861+00:00
Bundesliga,BL1,,565977,2027-02-27T00:00:00Z,SCHEDULED,FC Augsburg,SV 07 Elversberg,16,719,REGULAR_SEASON,,23,2026-10-03T12:10:56.214863+00:00,2026-10-03T12:10:56.214865+00:00
Bundesliga,BL1,,565978,2027-02-27T00:00:00Z,SCHEDULED,1. FSV Mainz 05,FC Schalke 04,15,6,REGULAR_SEASON,,23,2026-10-03T12:10:56.214867+00:00,2026-10-03T12:10:56.214868+00:00
Bundesliga,BL1,,565979,2027-02-27T00:00:00Z,SCHEDULED,TSG 1899 Hoffenheim,Borussia Mönchengladbach,2,18,REGULAR_SEASON,,23,2026-10-03T12:10:56.214870+00:00,2026-10-03T12:10:56.214871+00:00
Bundesliga,BL1,,565980,2027-02-27T00:00:00Z,SCHEDULED,SC Paderborn 07,SV Werder Bremen,29,12,REGULAR_SEASON,,23,2026-10-03T12:10:56.214874+00:00,2026-10-03T12:10:56.214875+00:00
Bundesliga,BL1,,565981,2027-02-27T00:00:00Z,SCHEDULED,RB Leipzig,FC Bayern München,721,5,REGULAR_SEASON,,23,2026-10-03T12:10:56.214877+00:00,2026-10-03T12:10:56.214878+00:00
Bundesliga,BL1,,565982,2027-02-27T00:00:00Z,SCHEDULED,Borussia Dortmund,1. FC Union Berlin,4,28,REGULAR_SEASON,,23,2026-10-03T12:10:56.214881+00:00,2026-10-03T12:10:56.214882+00:00
Bundesliga,BL1,,565983,2027-03-03T00:00:00Z,SCHEDULED,Eintracht Frankfurt,Borussia Dortmund,19,4,REGULAR_SEASON,,24,2026-10-03T12:10:56.214884+00:00,2026-10-03T12:10:56.214885+00:00
Bundesliga,BL1,,565984,2027-03-03T00:00:00Z,SCHEDULED,FC Schalke 04,1. FC Köln,6,1,REGULAR_SEASON,,24,2026-10-03T12:10:56.214888+00:00,2026-10-03T12:10:56.214889+00:00
Bundesliga,BL1,,565985,2027-03-03T00:00:00Z,SCHEDULED,Bayer 04 Leverkusen,TSG 1899 Hoffenheim,3,2,REGULAR_SEASON,,24,2026-10-03T12:10:56.214891+00:00,2026-10-03T12:10:56.214893+00:00
Bundesliga,BL1,,565986,2027-03-03T00:00:00Z,SCHEDULED,FC Bayern München,SC Freiburg,5,17,REGULAR_SEASON,,24,2026-10-03T12:10:56.214895+00:00,2026-10-03T12:10:56.214896+00:00
Bundesliga,BL1,,565987,2027-03-03T00:00:00Z,SCHEDULED,SV Werder Bremen,1. FSV Mainz 05,12,15,REGULAR_SEASON,,24,2026-10-03T12:10:56.214898+00:00,2026-10-03T12:10:56.214900+00:00
Bundesliga,BL1,,565988,2027-03-03T00:00:00Z,SCHEDULED,1. FC Union Berlin,FC Augsburg,28,16,REGULAR_SEASON,,24,2026-10-03T12:10:56.214902+00:00,2026-10-03T12:10:56.214903+00:00
Bundesliga,BL1,,565989,2027-03-03T00:00:00Z,SCHEDULED,SV 07 Elversberg,RB Leipzig,719,721,REGULAR_SEASON,,24,2026-10-03T12:10:56.214905+00:00,2026-10-03T12:10:56.214907+00:00
Bundesliga,BL1,,565990,2027-03-03T00:00:00Z,SCHEDULED,Borussia Mönchengladbach,VfB Stuttgart,18,10,REGULAR_SEASON,,24,2026-10-03T12:10:56.214909+00:00,2026-10-03T12:10:56.214910+00:00
Bundesliga,BL1,,565991,2027-03-03T00:00:00Z,SCHEDULED,Hamburger SV,SC Paderborn 07,7,29,REGULAR_SEASON,,24,2026-10-03T12:10:56.214912+00:00,2026-10-03T12:10:56.214914+00:00
Bundesliga,BL1,,565992,2027-03-06T00:00:00Z,SCHEDULED,Borussia Dortmund,FC Bayern München,4,5,REGULAR_SEASON,,25,2026-10-03T12:10:56.214916+00:00,2026-10-03T12:10:56.214917+00:00
Bundesliga,BL1,,565993,2027-03-06T00:00:00Z,SCHEDULED,SC Freiburg,FC Augsburg,17,16,REGULAR_SEASON,,25,2026-10-03T12:10:56.214919+00:00,2026-10-03T12:10:56.214921+00:00
Bundesliga,BL1,,565994,2027-03-06T00:00:00Z,SCHEDULED,1. FSV Mainz 05,SV 07 Elversberg,15,719,REGULAR_SEASON,,25,2026-10-03T12:10:56.214923+00:00,2026-10-03T12:10:56.214924+00:00
Bundesliga,BL1,,565995,2027-03-06T00:00:00Z,SCHEDULED,Hamburger SV,Eintracht Frankfurt,7,19,REGULAR_SEASON,,25,2026-10-03T12:10:56.214926+00:00,2026-10-03T12:10:56.214928+00:00
Bundesliga,BL1,,565996,2027-03-06T00:00:00Z,SCHEDULED,VfB Stuttgart,Bayer 04 Leverkusen,10,3,REGULAR_SEASON,,25,2026-10-03T12:10:56.214930+00:00,2026-10-03T12:10:56.214931+00:00
Bundesliga,BL1,,565997,2027-03-06T00:00:00Z,SCHEDULED,RB Leipzig,FC Schalke 04,721,6,REGULAR_SEASON,,25,2026-10-03T12:10:56.214933+00:00,2026-10-03T12:10:56.214934+00:00
Bundesliga,BL1,,565998,2027-03-06T00:00:00Z,SCHEDULED,SC Paderborn 07,Borussia Mönchengladbach,29,18,REGULAR_SEASON,,25,2026-10-03T12:10:56.214937+00:00,2026-10-03T12:10:56.214938+00:00
Bundesliga,BL1,,565999,2027-03-06T00:00:00Z,SCHEDULED,1. FC Köln,1. FC Union Berlin,1,28,REGULAR_SEASON,,25,2026-10-03T12:10:56.214940+00:00,2026-10-03T12:10:56.214941+00:00
Bundesliga,BL1,,566000,2027-03-06T00:00:00Z,SCHEDULED,TSG 1899 Hoffenheim,SV Werder Bremen,2,12,REGULAR_SEASON,,25,2026-10-03T12:10:56.214944+00:00,2026-10-03T12:10:56.214945+00:00
Bundesliga,BL1,,566001,2027-03-13T00:00:00Z,SCHEDULED,1. FC Union Berlin,SC Freiburg,28,17,REGULAR_SEASON,,26,2026-10-03T12:10:56.214947+00:00,2026-10-03T12:10:56.214948+00:00
Bundesliga,BL1,,566002,2027-03-13T00:00:00Z,SCHEDULED,SV 07 Elversberg,Borussia Dortmund,719,4,REGULAR_SEASON,,26,2026-10-03T12:10:56.214951+00:00,2026-10-03T12:10:56.214952+00:00
Bundesliga,BL1,,566003,2027-03-13T00:00:00Z,SCHEDULED,Eintracht Frankfurt,SC Paderborn 07,19,29,REGULAR_SEASON,,26,2026-10-03T12:10:56.214954+00:00,2026-10-03T12:10:56.214956+00:00
Bundesliga,BL1,,566004,2027-03-13T00:00:00Z,SCHEDULED,FC Augsburg,RB Leipzig,16,721,REGULAR_SEASON,,26,2026-10-03T12:10:56.214958+00:00,2026-10-03T12:10:56.214959+00:00
Bundesliga,BL1,,566005,2027-03-13T00:00:00Z,SCHEDULED,Borussia Mönchengladbach,Hamburger SV,18,7,REGULAR_SEASON,,26,2026-10-03T12:10:56.214961+00:00,2026-10-03T12:10:56.214963+00:00
Bundesliga,BL1,,566006,2027-03-13T00:00:00Z,SCHEDULED,SV Werder Bremen,VfB Stuttgart,12,10,REGULAR_SEASON,,26,2026-10-03T12:10:56.214965+00:00,2026-10-03T12:10:56.214966+00:00
Bundesliga,BL1,,566007,2027-03-13T00:00:00Z,SCHEDULED,FC Schalke 04,TSG 1899 Hoffenheim,6,2,REGULAR_SEASON,,26,2026-10-03T12:10:56.214968+00:00,2026-10-03T12:10:56.214970+00:00
Bundesliga,BL1,,566008,2027-03-13T00:00:00Z,SCHEDULED,FC Bayern München,1. FSV Mainz 05,5,15,REGULAR_SEASON,,26,2026-10-03T12:10:56.214972+00:00,2026-10-03T12:10:56.214973+00:00
Bundesliga,BL1,,566009,2027-03-13T00:00:00Z,SCHEDULED,Bayer 04 Leverkusen,1. FC Köln,3,1,REGULAR_SEASON,,26,2026-10-03T12:10:56.214975+00:00,2026-10-03T12:10:56.214977+00:00
Bundesliga,BL1,,566016,2027-03-20T00:00:00Z,SCHEDULED,1. FC Köln,FC Bayern München,1,5,REGULAR_SEASON,,27,2026-10-03T12:10:56.214979+00:00,2026-10-03T12:10:56.214980+00:00
Bundesliga,BL1,,566017,2027-03-20T00:00:00Z,SCHEDULED,TSG 1899 Hoffenheim,Eintracht Frankfurt,2,19,REGULAR_SEASON,,27,2026-10-03T12:10:56.214982+00:00,2026-10-03T12:10:56.214984+00:00
Bundesliga,BL1,,566018,2027-03-20T00:00:00Z,SCHEDULED,Borussia Dortmund,Borussia Mönchengladbach,4,18,REGULAR_SEASON,,27,2026-10-03T12:10:56.214986+00:00,2026-10-03T12:10:56.214987+00:00
Bundesliga,BL1,,566010,2027-03-20T00:00:00Z,SCHEDULED,1. FSV Mainz 05,FC Augsburg,15,16,REGULAR_SEASON,,27,2026-10-03T12:10:56.214989+00:00,2026-10-03T12:10:56.214991+00:00
Bundesliga,BL1,,566011,2027-03-20T00:00:00Z,SCHEDULED,VfB Stuttgart,FC Schalke 04,10,6,REGULAR_SEASON,,27,2026-10-03T12:10:56.214993+00:00,2026-10-03T12:10:56.214994+00:00
Bundesliga,BL1,,566012,2027-03-20T00:00:00Z,SCHEDULED,RB Leipzig,1. FC Union Berlin,721,28,REGULAR_SEASON,,27,2026-10-03T12:10:56.214996+00:00,2026-10-03T12:10:56.214997+00:00
Bundesliga,BL1,,566013,2027-03-20T00:00:00Z,SCHEDULED,SC Freiburg,SV 07 Elversberg,17,719,REGULAR_SEASON,,27,2026-10-03T12:10:56.215008+00:00,2026-10-03T12:10:56.215010+00:00
Bundesliga,BL1,,566014,2027-03-20T00:00:00Z,SCHEDULED,Hamburger SV,SV Werder Bremen,7,12,REGULAR_SEASON,,27,2026-10-03T12:10:56.215012+00:00,2026-10-03T12:10:56.215013+00:00
Bundesliga,BL1,,566015,2027-03-20T00:00:00Z,SCHEDULED,SC Paderborn 07,Bayer 04 Leverkusen,29,3,REGULAR_SEASON,,27,2026-10-03T12:10:56.215016+00:00,2026-10-03T12:10:56.215017+00:00
Bundesliga,BL1,,566019,2027-04-03T00:00:00Z,SCHEDULED,RB Leipzig,SC Freiburg,721,17,REGULAR_SEASON,,28,2026-10-03T12:10:56.215019+00:00,2026-10-03T12:10:56.215021+00:00
Bundesliga,BL1,,566020,2027-04-03T00:00:00Z,SCHEDULED,SV 07 Elversberg,1. FC Köln,719,1,REGULAR_SEASON,,28,2026-10-03T12:10:56.215023+00:00,2026-10-03T12:10:56.215024+00:00
Bundesliga,BL1,,566021,2027-04-03T00:00:00Z,SCHEDULED,FC Bayern München,Hamburger SV,5,7,REGULAR_SEASON,,28,2026-10-03T12:10:56.215026+00:00,2026-10-03T12:10:56.215028+00:00
Bundesliga,BL1,,566022,2027-04-03T00:00:00Z,SCHEDULED,FC Augsburg,TSG 1899 Hoffenheim,16,2,REGULAR_SEASON,,28,2026-10-03T12:10:56.215030+00:00,2026-10-03T12:10:56.215031+00:00
Bundesliga,BL1,,566023,2027-04-03T00:00:00Z,SCHEDULED,Borussia Mönchengladbach,SV Werder Bremen,18,12,REGULAR_SEASON,,28,2026-10-03T12:10:56.215033+00:00,2026-10-03T12:10:56.215035+00:00
Bundesliga,BL1,,566024,2027-04-03T00:00:00Z,SCHEDULED,Eintracht Frankfurt,VfB Stuttgart,19,10,REGULAR_SEASON,,28,2026-10-03T12:10:56.215037+00:00,2026-10-03T12:10:56.215038+00:00
Bundesliga,BL1,,566025,2027-04-03T00:00:00Z,SCHEDULED,1. FC Union Berlin,1. FSV Mainz 05,28,15,REGULAR_SEASON,,28,2026-10-03T12:10:56.215040+00:00,2026-10-03T12:10:56.215042+00:00
Bundesliga,BL1,,566026,2027-04-03T00:00:00Z,SCHEDULED,Bayer 04 Leverkusen,Borussia Dortmund,3,4,REGULAR_SEASON,,28,2026-10-03T12:10:56.215044+00:00,2026-10-03T12:10:56.215045+00:00
Bundesliga,BL1,,566027,2027-04-03T00:00:00Z,SCHEDULED,FC Schalke 04,SC Paderborn 07,6,29,REGULAR_SEASON,,28,2026-10-03T12:10:56.215047+00:00,2026-10-03T12:10:56.215048+00:00
Bundesliga,BL1,,566028,2027-04-10T00:00:00Z,SCHEDULED,VfB Stuttgart,SV 07 Elversberg,10,719,REGULAR_SEASON,,29,2026-10-03T12:10:56.215050+00:00,2026-10-03T12:10:56.215052+00:00
Bundesliga,BL1,,566029,2027-04-10T00:00:00Z,SCHEDULED,SC Paderborn 07,FC Bayern München,29,5,REGULAR_SEASON,,29,2026-10-03T12:10:56.215054+00:00,2026-10-03T12:10:56.215055+00:00
Bundesliga,BL1,,566030,2027-04-10T00:00:00Z,SCHEDULED,TSG 1899 Hoffenheim,SC Freiburg,2,17,REGULAR_SEASON,,29,2026-10-03T12:10:56.215057+00:00,2026-10-03T12:10:56.215059+00:00
Bundesliga,BL1,,566031,2027-04-10T00:00:00Z,SCHEDULED,1. FSV Mainz 05,RB Leipzig,15,721,REGULAR_SEASON,,29,2026-10-03T12:10:56.215061+00:00,2026-10-03T12:10:56.215062+00:00
Bundesliga,BL1,,566032,2027-04-10T00:00:00Z,SCHEDULED,SV Werder Bremen,Eintracht Frankfurt,12,19,REGULAR_SEASON,,29,2026-10-03T12:10:56.215065+00:00,2026-10-03T12:10:56.215067+00:00
Bundesliga,BL1,,566033,2027-04-10T00:00:00Z,SCHEDULED,Borussia Dortmund,FC Schalke 04,4,6,REGULAR_SEASON,,29,2026-10-03T12:10:56.215069+00:00,2026-10-03T12:10:56.215070+00:00
Bundesliga,BL1,,566034,2027-04-10T00:00:00Z,SCHEDULED,Hamburger SV,1. FC Union Berlin,7,28,REGULAR_SEASON,,29,2026-10-03T12:10:56.215072+00:00,2026-10-03T12:10:56.215073+00:00
Bundesliga,BL1,,566035,2027-04-10T00:00:00Z,SCHEDULED,Borussia Mönchengladbach,Bayer 04 Leverkusen,18,3,REGULAR_SEASON,,29,2026-10-03T12:10:56.215076+00:00,2026-10-03T12:10:56.215077+00:00
Bundesliga,BL1,,566036,2027-04-10T00:00:00Z,SCHEDULED,1. FC Köln,FC Augsburg,1,16,REGULAR_SEASON,,29,2026-10-03T12:10:56.215079+00:00,2026-10-03T12:10:56.215081+00:00
Bundesliga,BL1,,566037,2027-04-17T00:00:00Z,SCHEDULED,Bayer 04 Leverkusen,SV Werder Bremen,3,12,REGULAR_SEASON,,30,2026-10-03T12:10:56.215083+00:00,2026-10-03T12:10:56.215084+00:00
Bundesliga,BL1,,566038,2027-04-17T00:00:00Z,SCHEDULED,Eintracht Frankfurt,Borussia Mönchengladbach,19,18,REGULAR_SEASON,,30,2026-10-03T12:10:56.215086+00:00,2026-10-03T12:10:56.215088+00:00
Bundesliga,BL1,,566039,2027-04-17T00:00:00Z,SCHEDULED,1. FC Union Berlin,VfB Stuttgart,28,10,REGULAR_SEASON,,30,2026-10-03T12:10:56.215090+00:00,2026-10-03T12:10:56.215091+00:00
Bundesliga,BL1,,566040,2027-04-17T00:00:00Z,SCHEDULED,FC Bayern München,TSG 1899 Hoffenheim,5,2,REGULAR_SEASON,,30,2026-10-03T12:10:56.215093+00:00,2026-10-03T12:10:56.215094+00:00
Bundesliga,BL1,,566041,2027-04-17T00:00:00Z,SCHEDULED,FC Schalke 04,Hamburger SV,6,7,REGULAR_SEASON,,30,2026-10-03T12:10:56.215096+00:00,2026-10-03T12:10:56.215098+00:00
Bundesliga,BL1,,566042,2027-04-17T00:00:00Z,SCHEDULED,SV 07 Elversberg,SC Paderborn 07,719,29,REGULAR_SEASON,,30,2026-10-03T12:10:56.215100+00:00,2026-10-03T12:10:56.215101+00:00
Bundesliga,BL1,,566043,2027-04-17T00:00:00Z,SCHEDULED,FC Augsburg,Borussia Dortmund,16,4,REGULAR_SEASON,,30,2026-10-03T12:10:56.215103+00:00,2026-10-03T12:10:56.215105+00:00
Bundesliga,BL1,,566044,2027-04-17T00:00:00Z,SCHEDULED,SC Freiburg,1. FSV Mainz 05,17,15,REGULAR_SEASON,,30,2026-10-03T12:10:56.215107+00:00,2026-10-03T12:10:56.215108+00:00
Bundesliga,BL1,,566045,2027-04-17T00:00:00Z,SCHEDULED,RB Leipzig,1. FC Köln,721,1,REGULAR_SEASON,,30,2026-10-03T12:10:56.215110+00:00,2026-10-03T12:10:56.215112+00:00
Bundesliga,BL1,,566046,2027-04-24T00:00:00Z,SCHEDULED,SV Werder Bremen,FC Bayern München,12,5,REGULAR_SEASON,,31,2026-10-03T12:10:56.215114+00:00,2026-10-03T12:10:56.215115+00:00
Bundesliga,BL1,,566047,2027-04-24T00:00:00Z,SCHEDULED,1. FC Köln,1. FSV Mainz 05,1,15,REGULAR_SEASON,,31,2026-10-03T12:10:56.215117+00:00,2026-10-03T12:10:56.215118+00:00
Bundesliga,BL1,,566048,2027-04-24T00:00:00Z,SCHEDULED,Hamburger SV,SV 07 Elversberg,7,719,REGULAR_SEASON,,31,2026-10-03T12:10:56.215120+00:00,2026-10-03T12:10:56.215122+00:00
Bundesliga,BL1,,566049,2027-04-24T00:00:00Z,SCHEDULED,Borussia Dortmund,RB Leipzig,4,721,REGULAR_SEASON,,31,2026-10-03T12:10:56.215124+00:00,2026-10-03T12:10:56.215125+00:00
Bundesliga,BL1,,566050,2027-04-24T00:00:00Z,SCHEDULED,TSG 1899 Hoffenheim,1. FC Union Berlin,2,28,REGULAR_SEASON,,31,2026-10-03T12:10:56.215127+00:00,2026-10-03T12:10:56.215129+00:00
Bundesliga,BL1,,566051,2027-04-24T00:00:00Z,SCHEDULED,SC Paderborn 07,FC Augsburg,29,16,REGULAR_SEASON,,31,2026-10-03T12:10:56.215131+00:00,2026-10-03T12:10:56.215132+00:00
Bundesliga,BL1,,566052,2027-04-24T00:00:00Z,SCHEDULED,VfB Stuttgart,SC Freiburg,10,17,REGULAR_SEASON,,31,2026-10-03T12:10:56.215134+00:00,2026-10-03T12:10:56.215135+00:00
Bundesliga,BL1,,566053,2027-04-24T00:00:00Z,SCHEDULED,Borussia Mönchengladbach,FC Schalke 04,18,6,REGULAR_SEASON,,31,2026-10-03T12:10:56.215138+00:00,2026-10-03T12:10:56.215139+00:00
Bundesliga,BL1,,566054,2027-04-24T00:00:00Z,SCHEDULED,Eintracht Frankfurt,Bayer 04 Leverkusen,19,3,REGULAR_SEASON,,31,2026-10-03T12:10:56.215141+00:00,2026-10-03T12:10:56.215143+00:00
Bundesliga,BL1,,566055,2027-05-08T00:00:00Z,SCHEDULED,FC Schalke 04,Eintracht Frankfurt,6,19,REGULAR_SEASON,,32,2026-10-03T12:10:56.215145+00:00,2026-10-03T12:10:56.215146+00:00
Bundesliga,BL1,,566056,2027-05-08T00:00:00Z,SCHEDULED,RB Leipzig,SC Paderborn 07,721,29,REGULAR_SEASON,,32,2026-10-03T12:10:56.215148+00:00,2026-10-03T12:10:56.215150+00:00
Bundesliga,BL1,,566057,2027-05-08T00:00:00Z,SCHEDULED,SC Freiburg,1. FC Köln,17,1,REGULAR_SEASON,,32,2026-10-03T12:10:56.215152+00:00,2026-10-03T12:10:56.215153+00:00
Bundesliga,BL1,,566058,2027-05-08T00:00:00Z,SCHEDULED,1. FSV Mainz 05,Borussia Dortmund,15,4,REGULAR_SEASON,,32,2026-10-03T12:10:56.215155+00:00,2026-10-03T12:10:56.215157+00:00
Bundesliga,BL1,,566059,2027-05-08T00:00:00Z,SCHEDULED,FC Augsburg,VfB Stuttgart,16,10,REGULAR_SEASON,,32,2026-10-03T12:10:56.215159+00:00,2026-10-03T12:10:56.215160+00:00
Bundesliga,BL1,,566060,2027-05-08T00:00:00Z,SCHEDULED,1. FC Union Berlin,SV Werder Bremen,28,12,REGULAR_SEASON,,32,2026-10-03T12:10:56.215163+00:00,2026-10-03T12:10:56.215164+00:00
Bundesliga,BL1,,566061,2027-05-08T00:00:00Z,SCHEDULED,SV 07 Elversberg,TSG 1899 Hoffenheim,719,2,REGULAR_SEASON,,32,2026-10-03T12:10:56.215166+00:00,2026-10-03T12:10:56.215167+00:00
Bundesliga,BL1,,566062,2027-05-08T00:00:00Z,SCHEDULED,Bayer 04 Leverkusen,Hamburger SV,3,7,REGULAR_SEASON,,32,2026-10-03T12:10:56.215170+00:00,2026-10-03T12:10:56.215171+00:00
Bundesliga,BL1,,566063,2027-05-08T00:00:00Z,SCHEDULED,FC Bayern München,Borussia Mönchengladbach,5,18,REGULAR_SEASON,,32,2026-10-03T12:10:56.215173+00:00,2026-10-03T12:10:56.215174+00:00
Bundesliga,BL1,,566064,2027-05-15T00:00:00Z,SCHEDULED,Eintracht Frankfurt,SV 07 Elversberg,19,719,REGULAR_SEASON,,33,2026-10-03T12:10:56.215177+00:00,2026-10-03T12:10:56.215178+00:00
Bundesliga,BL1,,566065,2027-05-15T00:00:00Z,SCHEDULED,SC Paderborn 07,1. FC Union Berlin,29,28,REGULAR_SEASON,,33,2026-10-03T12:10:56.215180+00:00,2026-10-03T12:10:56.215181+00:00
Bundesliga,BL1,,566066,2027-05-15T00:00:00Z,SCHEDULED,VfB Stuttgart,RB Leipzig,10,721,REGULAR_SEASON,,33,2026-10-03T12:10:56.215183+00:00,2026-10-03T12:10:56.215185+00:00
Bundesliga,BL1,,566067,2027-05-15T00:00:00Z,SCHEDULED,Borussia Dortmund,1. FC Köln,4,1,REGULAR_SEASON,,33,2026-10-03T12:10:56.215187+00:00,2026-10-03T12:10:56.215188+00:00
Bundesliga,BL1,,566068,2027-05-15T00:00:00Z,SCHEDULED,Hamburger SV,SC Freiburg,7,17,REGULAR_SEASON,,33,2026-10-03T12:10:56.215190+00:00,2026-10-03T12:10:56.215192+00:00
Bundesliga,BL1,,566069,2027-05-15T00:00:00Z,SCHEDULED,Bayer 04 Leverkusen,FC Bayern München,3,5,REGULAR_SEASON,,33,2026-10-03T12:10:56.215194+00:00,2026-10-03T12:10:56.215195+00:00
Bundesliga,BL1,,566070,2027-05-15T00:00:00Z,SCHEDULED,SV Werder Bremen,FC Schalke 04,12,6,REGULAR_SEASON,,33,2026-10-03T12:10:56.215197+00:00,2026-10-03T12:10:56.215199+00:00
Bundesliga,BL1,,566071,2027-05-15T00:00:00Z,SCHEDULED,Borussia Mönchengladbach,FC Augsburg,18,16,REGULAR_SEASON,,33,2026-10-03T12:10:56.215201+00:00,2026-10-03T12:10:56.215202+00:00
Bundesliga,BL1,,566072,2027-05-15T00:00:00Z,SCHEDULED,TSG 1899 Hoffenheim,1. FSV Mainz 05,2,15,REGULAR_SEASON,,33,2026-10-03T12:10:56.215204+00:00,2026-10-03T12:10:56.215205+00:00
Bundesliga,BL1,,566073,2027-05-22T13:30:00Z,TIMED,RB Leipzig,TSG 1899 Hoffenheim,721,2,REGULAR_SEASON,,34,2026-10-03T12:10:56.215208+00:00,2026-10-03T12:10:56.215209+00:00
Bundesliga,BL1,,566074,2027-05-22T13:30:00Z,TIMED,1. FC Union Berlin,Borussia Mönchengladbach,28,18,REGULAR_SEASON,,34,2026-10-03T12:10:56.215211+00:00,2026-10-03T12:10:56.215212+00:00
Bundesliga,BL1,,566075,2027-05-22T13:30:00Z,TIMED,1. FSV Mainz 05,VfB Stuttgart,15,10,REGULAR_SEASON,,34,2026-10-03T12:10:56.215215+00:00,2026-10-03T12:10:56.215216+00:00
Bundesliga,BL1,,566076,2027-05-22T13:30:00Z,TIMED,FC Schalke 04,Bayer 04 Leverkusen,6,3,REGULAR_SEASON,,34,2026-10-03T12:10:56.215218+00:00,2026-10-03T12:10:56.215220+00:00
Bundesliga,BL1,,566077,2027-05-22T13:30:00Z,TIMED,SV 07 Elversberg,SV Werder Bremen,719,12,REGULAR_SEASON,,34,2026-10-03T12:10:56.215222+00:00,2026-10-03T12:10:56.215223+00:00
Bundesliga,BL1,,566078,2027-05-22T13:30:00Z,TIMED,FC Bayern München,Eintracht Frankfurt,5,19,REGULAR_SEASON,,34,2026-10-03T12:10:56.215225+00:00,2026-10-03T12:10:56.215227+00:00
Bundesliga,BL1,,566079,2027-05-22T13:30:00Z,TIMED,FC Augsburg,Hamburger SV,16,7,REGULAR_SEASON,,34,2026-10-03T12:10:56.215229+00:00,2026-10-03T12:10:56.215230+00:00
Bundesliga,BL1,,566080,2027-05-22T13:30:00Z,TIMED,SC Freiburg,Borussia Dortmund,17,4,REGULAR_SEASON,,34,2026-10-03T12:10:56.215232+00:00,2026-10-03T12:10:56.215233+00:00
Bundesliga,BL1,,566081,2027-05-22T13:30:00Z,TIMED,1. FC Köln,SC Paderborn 07,1,29,REGULAR_SEASON,,34,2026-10-03T12:10:56.215236+00:00,2026-10-03T12:10:56.215237+00:00
Serie A,SA,,558588,2026-10-10T13:00:00Z,TIMED,Genoa CFC,ACF Fiorentina,107,99,REGULAR_SEASON,,6,2026-10-03T12:10:56.764953+00:00,2026-10-03T12:10:56.764967+00:00
Serie A,SA,,558582,2026-10-10T16:00:00Z,TIMED,FC Internazionale Milano,Parma Calcio 1913,108,112,REGULAR_SEASON,,6,2026-10-03T12:10:56.764972+00:00,2026-10-03T12:10:56.764974+00:00
Serie A,SA,,558586,2026-10-10T18:45:00Z,TIMED,SSC Napoli,Frosinone Calcio,113,470,REGULAR_SEASON,,6,2026-10-03T12:10:56.764977+00:00,2026-10-03T12:10:56.764978+00:00
Serie A,SA,,558585,2026-10-11T10:30:00Z,TIMED,Como 1907,AS Roma,7397,100,REGULAR_SEASON,,6,2026-10-03T12:10:56.764981+00:00,2026-10-03T12:10:56.764982+00:00
Serie A,SA,,558581,2026-10-11T13:00:00Z,TIMED,US Lecce,Bologna FC 1909,5890,103,REGULAR_SEASON,,6,2026-10-03T12:10:56.764985+00:00,2026-10-03T12:10:56.764987+00:00
Serie A,SA,,558583,2026-10-11T13:00:00Z,TIMED,SS Lazio,AC Monza,110,5911,REGULAR_SEASON,,6,2026-10-03T12:10:56.764989+00:00,2026-10-03T12:10:56.764990+00:00
Serie A,SA,,558580,2026-10-11T16:00:00Z,TIMED,US Sassuolo Calcio,AC Milan,471,98,REGULAR_SEASON,,6,2026-10-03T12:10:56.764992+00:00,2026-10-03T12:10:56.764994+00:00
Serie A,SA,,558584,2026-10-11T18:45:00Z,TIMED,Cagliari Calcio,Juventus FC,104,109,REGULAR_SEASON,,6,2026-10-03T12:10:56.764996+00:00,2026-10-03T12:10:56.764997+00:00
Serie A,SA,,558579,2026-10-12T16:30:00Z,TIMED,Atalanta BC,Venezia FC,102,454,REGULAR_SEASON,,6,2026-10-03T12:10:56.765015+00:00,2026-10-03T12:10:56.765017+00:00
Serie A,SA,,558587,2026-10-12T18:45:00Z,TIMED,Torino FC,Udinese Calcio,586,115,REGULAR_SEASON,,6,2026-10-03T12:10:56.765019+00:00,2026-10-03T12:10:56.765020+00:00
Serie A,SA,,558573,2026-10-16T18:45:00Z,TIMED,Frosinone Calcio,US Sassuolo Calcio,470,471,REGULAR_SEASON,,7,2026-10-03T12:10:56.765022+00:00,2026-10-03T12:10:56.765024+00:00
Serie A,SA,,558575,2026-10-17T13:00:00Z,TIMED,Venezia FC,SSC Napoli,454,113,REGULAR_SEASON,,7,2026-10-03T12:10:56.765026+00:00,2026-10-03T12:10:56.765027+00:00
Serie A,SA,,558571,2026-10-17T16:00:00Z,TIMED,Bologna FC 1909,FC Internazionale Milano,103,108,REGULAR_SEASON,,7,2026-10-03T12:10:56.765029+00:00,2026-10-03T12:10:56.765030+00:00
Serie A,SA,,558572,2026-10-17T18:45:00Z,TIMED,AS Roma,Genoa CFC,100,107,REGULAR_SEASON,,7,2026-10-03T12:10:56.765033+00:00,2026-10-03T12:10:56.765034+00:00
Serie A,SA,,558574,2026-10-18T10:30:00Z,TIMED,Udinese Calcio,US Lecce,115,5890,REGULAR_SEASON,,7,2026-10-03T12:10:56.765036+00:00,2026-10-03T12:10:56.765037+00:00
Serie A,SA,,558577,2026-10-18T13:00:00Z,TIMED,ACF Fiorentina,Como 1907,99,7397,REGULAR_SEASON,,7,2026-10-03T12:10:56.765039+00:00,2026-10-03T12:10:56.765041+00:00
Serie A,SA,,558569,2026-10-18T16:00:00Z,TIMED,AC Milan,Atalanta BC,98,102,REGULAR_SEASON,,7,2026-10-03T12:10:56.765043+00:00,2026-10-03T12:10:56.765044+00:00
Serie A,SA,,558570,2026-10-18T18:45:00Z,TIMED,Juventus FC,SS Lazio,109,110,REGULAR_SEASON,,7,2026-10-03T12:10:56.765046+00:00,2026-10-03T12:10:56.765048+00:00
Serie A,SA,,558576,2026-10-19T16:30:00Z,TIMED,AC Monza,Cagliari Calcio,5911,104,REGULAR_SEASON,,7,2026-10-03T12:10:56.765050+00:00,2026-10-03T12:10:56.765051+00:00
Serie A,SA,,558578,2026-10-19T18:45:00Z,TIMED,Parma Calcio 1913,Torino FC,112,586,REGULAR_SEASON,,7,2026-10-03T12:10:56.765053+00:00,2026-10-03T12:10:56.765054+00:00
Serie A,SA,,558567,2026-10-23T18:45:00Z,TIMED,Torino FC,AC Monza,586,5911,REGULAR_SEASON,,8,2026-10-03T12:10:56.765057+00:00,2026-10-03T12:10:56.765058+00:00
Serie A,SA,,558560,2026-10-24T13:00:00Z,TIMED,Cagliari Calcio,Bologna FC 1909,104,103,REGULAR_SEASON,,8,2026-10-03T12:10:56.765061+00:00,2026-10-03T12:10:56.765062+00:00
Serie A,SA,,558561,2026-10-24T13:00:00Z,TIMED,Como 1907,US Sassuolo Calcio,7397,471,REGULAR_SEASON,,8,2026-10-03T12:10:56.765064+00:00,2026-10-03T12:10:56.765065+00:00
Serie A,SA,,558564,2026-10-24T16:00:00Z,TIMED,SSC Napoli,AS Roma,113,100,REGULAR_SEASON,,8,2026-10-03T12:10:56.765067+00:00,2026-10-03T12:10:56.765069+00:00
Serie A,SA,,558565,2026-10-24T18:45:00Z,TIMED,SS Lazio,Parma Calcio 1913,110,112,REGULAR_SEASON,,8,2026-10-03T12:10:56.765071+00:00,2026-10-03T12:10:56.765072+00:00
Serie A,SA,,558563,2026-10-25T11:30:00Z,TIMED,FC Internazionale Milano,ACF Fiorentina,108,99,REGULAR_SEASON,,8,2026-10-03T12:10:56.765074+00:00,2026-10-03T12:10:56.765076+00:00
Serie A,SA,,558562,2026-10-25T14:00:00Z,TIMED,Atalanta BC,Frosinone Calcio,102,470,REGULAR_SEASON,,8,2026-10-03T12:10:56.765078+00:00,2026-10-03T12:10:56.765079+00:00
Serie A,SA,,558568,2026-10-25T14:00:00Z,TIMED,Genoa CFC,Venezia FC,107,454,REGULAR_SEASON,,8,2026-10-03T12:10:56.765081+00:00,2026-10-03T12:10:56.765083+00:00
Serie A,SA,,558566,2026-10-25T17:00:00Z,TIMED,US Lecce,Juventus FC,5890,109,REGULAR_SEASON,,8,2026-10-03T12:10:56.765085+00:00,2026-10-03T12:10:56.765086+00:00
Serie A,SA,,558559,2026-10-25T19:45:00Z,TIMED,Udinese Calcio,AC Milan,115,98,REGULAR_SEASON,,8,2026-10-03T12:10:56.765088+00:00,2026-10-03T12:10:56.765090+00:00
Serie A,SA,,558556,2026-10-27T17:30:00Z,TIMED,US Sassuolo Calcio,SS Lazio,471,110,REGULAR_SEASON,,9,2026-10-03T12:10:56.765092+00:00,2026-10-03T12:10:56.765093+00:00
Serie A,SA,,558555,2026-10-27T19:45:00Z,TIMED,AS Roma,Cagliari Calcio,100,104,REGULAR_SEASON,,9,2026-10-03T12:10:56.765095+00:00,2026-10-03T12:10:56.765097+00:00
Serie A,SA,,558557,2026-10-27T19:45:00Z,TIMED,Torino FC,Como 1907,586,7397,REGULAR_SEASON,,9,2026-10-03T12:10:56.765099+00:00,2026-10-03T12:10:56.765100+00:00
Serie A,SA,,558549,2026-10-28T17:30:00Z,TIMED,AC Milan,Bologna FC 1909,98,103,REGULAR_SEASON,,9,2026-10-03T12:10:56.765102+00:00,2026-10-03T12:10:56.765103+00:00
Serie A,SA,,558550,2026-10-28T17:30:00Z,TIMED,Venezia FC,FC Internazionale Milano,454,108,REGULAR_SEASON,,9,2026-10-03T12:10:56.765106+00:00,2026-10-03T12:10:56.765107+00:00
Serie A,SA,,558553,2026-10-28T17:30:00Z,TIMED,Parma Calcio 1913,Udinese Calcio,112,115,REGULAR_SEASON,,9,2026-10-03T12:10:56.765109+00:00,2026-10-03T12:10:56.765111+00:00
Serie A,SA,,558552,2026-10-28T19:45:00Z,TIMED,Genoa CFC,Juventus FC,107,109,REGULAR_SEASON,,9,2026-10-03T12:10:56.765113+00:00,2026-10-03T12:10:56.765114+00:00
Serie A,SA,,558554,2026-10-28T19:45:00Z,TIMED,AC Monza,SSC Napoli,5911,113,REGULAR_SEASON,,9,2026-10-03T12:10:56.765116+00:00,2026-10-03T12:10:56.765118+00:00
Serie A,SA,,558558,2026-10-29T17:30:00Z,TIMED,Frosinone Calcio,US Lecce,470,5890,REGULAR_SEASON,,9,2026-10-03T12:10:56.765120+00:00,2026-10-03T12:10:56.765121+00:00
Serie A,SA,,558551,2026-10-29T19:45:00Z,TIMED,ACF Fiorentina,Atalanta BC,99,102,REGULAR_SEASON,,9,2026-10-03T12:10:56.765123+00:00,2026-10-03T12:10:56.765124+00:00
Serie A,SA,,558539,2026-10-31T14:00:00Z,TIMED,Bologna FC 1909,AC Monza,103,5911,REGULAR_SEASON,,10,2026-10-03T12:10:56.765127+00:00,2026-10-03T12:10:56.765128+00:00
Serie A,SA,,558542,2026-10-31T17:00:00Z,TIMED,Udinese Calcio,AS Roma,115,100,REGULAR_SEASON,,10,2026-10-03T12:10:56.765130+00:00,2026-10-03T12:10:56.765131+00:00
Serie A,SA,,558548,2026-10-31T19:45:00Z,TIMED,AC Milan,FC Internazionale Milano,98,108,REGULAR_SEASON,,10,2026-10-03T12:10:56.765134+00:00,2026-10-03T12:10:56.765135+00:00
Serie A,SA,,558543,2026-11-01T11:30:00Z,TIMED,Como 1907,Venezia FC,7397,454,REGULAR_SEASON,,10,2026-10-03T12:10:56.765137+00:00,2026-10-03T12:10:56.765139+00:00
Serie A,SA,,558544,2026-11-01T14:00:00Z,TIMED,Frosinone Calcio,Torino FC,470,586,REGULAR_SEASON,,10,2026-10-03T12:10:56.765141+00:00,2026-10-03T12:10:56.765142+00:00
Serie A,SA,,558546,2026-11-01T14:00:00Z,TIMED,SS Lazio,Cagliari Calcio,110,104,REGULAR_SEASON,,10,2026-10-03T12:10:56.765144+00:00,2026-10-03T12:10:56.765146+00:00
Serie A,SA,,558540,2026-11-01T17:00:00Z,TIMED,US Lecce,Genoa CFC,5890,107,REGULAR_SEASON,,10,2026-10-03T12:10:56.765148+00:00,2026-10-03T12:10:56.765149+00:00
Serie A,SA,,558547,2026-11-01T19:45:00Z,TIMED,Juventus FC,SSC Napoli,109,113,REGULAR_SEASON,,10,2026-10-03T12:10:56.765152+00:00,2026-10-03T12:10:56.765153+00:00
Serie A,SA,,558541,2026-11-02T17:30:00Z,TIMED,US Sassuolo Calcio,ACF Fiorentina,471,99,REGULAR_SEASON,,10,2026-10-03T12:10:56.765155+00:00,2026-10-03T12:10:56.765156+00:00
Serie A,SA,,558545,2026-11-02T19:45:00Z,TIMED,Atalanta BC,Parma Calcio 1913,102,112,REGULAR_SEASON,,10,2026-10-03T12:10:56.765159+00:00,2026-10-03T12:10:56.765160+00:00
Serie A,SA,,558537,2026-11-06T19:45:00Z,TIMED,Venezia FC,Udinese Calcio,454,115,REGULAR_SEASON,,11,2026-10-03T12:10:56.765162+00:00,2026-10-03T12:10:56.765163+00:00
Serie A,SA,,558532,2026-11-07T14:00:00Z,TIMED,Torino FC,US Lecce,586,5890,REGULAR_SEASON,,11,2026-10-03T12:10:56.765166+00:00,2026-10-03T12:10:56.765167+00:00
Serie A,SA,,558534,2026-11-07T14:00:00Z,TIMED,Cagliari Calcio,Frosinone Calcio,104,470,REGULAR_SEASON,,11,2026-10-03T12:10:56.765169+00:00,2026-10-03T12:10:56.765170+00:00
Serie A,SA,,558535,2026-11-07T17:00:00Z,TIMED,Parma Calcio 1913,Bologna FC 1909,112,103,REGULAR_SEASON,,11,2026-10-03T12:10:56.765173+00:00,2026-10-03T12:10:56.765174+00:00
Serie A,SA,,558531,2026-11-07T19:45:00Z,TIMED,AS Roma,US Sassuolo Calcio,100,471,REGULAR_SEASON,,11,2026-10-03T12:10:56.765176+00:00,2026-10-03T12:10:56.765177+00:00
Serie A,SA,,558533,2026-11-08T11:30:00Z,TIMED,SSC Napoli,SS Lazio,113,110,REGULAR_SEASON,,11,2026-10-03T12:10:56.765180+00:00,2026-10-03T12:10:56.765181+00:00
Serie A,SA,,558536,2026-11-08T14:00:00Z,TIMED,Genoa CFC,AC Milan,107,98,REGULAR_SEASON,,11,2026-10-03T12:10:56.765183+00:00,2026-10-03T12:10:56.765184+00:00
Serie A,SA,,558538,2026-11-08T14:00:00Z,TIMED,AC Monza,Atalanta BC,5911,102,REGULAR_SEASON,,11,2026-10-03T12:10:56.765187+00:00,2026-10-03T12:10:56.765188+00:00
Serie A,SA,,558530,2026-11-08T17:00:00Z,TIMED,FC Internazionale Milano,Como 1907,108,7397,REGULAR_SEASON,,11,2026-10-03T12:10:56.765190+00:00,2026-10-03T12:10:56.765192+00:00
Serie A,SA,,558529,2026-11-08T19:45:00Z,TIMED,ACF Fiorentina,Juventus FC,99,109,REGULAR_SEASON,,11,2026-10-03T12:10:56.765194+00:00,2026-10-03T12:10:56.765195+00:00
Serie A,SA,,558525,2026-11-21T14:00:00Z,TIMED,Como 1907,Cagliari Calcio,7397,104,REGULAR_SEASON,,12,2026-10-03T12:10:56.765197+00:00,2026-10-03T12:10:56.765199+00:00
Serie A,SA,,558528,2026-11-21T14:00:00Z,TIMED,SS Lazio,US Lecce,110,5890,REGULAR_SEASON,,12,2026-10-03T12:10:56.765201+00:00,2026-10-03T12:10:56.765202+00:00
Serie A,SA,,558526,2026-11-21T17:00:00Z,TIMED,Parma Calcio 1913,AS Roma,112,100,REGULAR_SEASON,,12,2026-10-03T12:10:56.765206+00:00,2026-10-03T12:10:56.765207+00:00
Serie A,SA,,558527,2026-11-21T19:45:00Z,TIMED,SSC Napoli,Torino FC,113,586,REGULAR_SEASON,,12,2026-10-03T12:10:56.765209+00:00,2026-10-03T12:10:56.765211+00:00
Serie A,SA,,558521,2026-11-22T11:30:00Z,TIMED,Juventus FC,Venezia FC,109,454,REGULAR_SEASON,,12,2026-10-03T12:10:56.765213+00:00,2026-10-03T12:10:56.765214+00:00
Serie A,SA,,558522,2026-11-22T14:00:00Z,TIMED,Bologna FC 1909,Udinese Calcio,103,115,REGULAR_SEASON,,12,2026-10-03T12:10:56.765217+00:00,2026-10-03T12:10:56.765218+00:00
Serie A,SA,,558524,2026-11-22T14:00:00Z,TIMED,US Sassuolo Calcio,Genoa CFC,471,107,REGULAR_SEASON,,12,2026-10-03T12:10:56.765220+00:00,2026-10-03T12:10:56.765221+00:00
Serie A,SA,,558523,2026-11-22T17:00:00Z,TIMED,AC Milan,Frosinone Calcio,98,470,REGULAR_SEASON,,12,2026-10-03T12:10:56.765224+00:00,2026-10-03T12:10:56.765225+00:00
Serie A,SA,,558520,2026-11-22T19:45:00Z,TIMED,Atalanta BC,FC Internazionale Milano,102,108,REGULAR_SEASON,,12,2026-10-03T12:10:56.765227+00:00,2026-10-03T12:10:56.765229+00:00
Serie A,SA,,558519,2026-11-23T19:45:00Z,TIMED,AC Monza,ACF Fiorentina,5911,99,REGULAR_SEASON,,12,2026-10-03T12:10:56.765231+00:00,2026-10-03T12:10:56.765232+00:00
Serie A,SA,,558515,2026-11-27T19:45:00Z,TIMED,Venezia FC,Bologna FC 1909,454,103,REGULAR_SEASON,,13,2026-10-03T12:10:56.765234+00:00,2026-10-03T12:10:56.765236+00:00
Serie A,SA,,558513,2026-11-28T14:00:00Z,TIMED,Frosinone Calcio,Parma Calcio 1913,470,112,REGULAR_SEASON,,13,2026-10-03T12:10:56.765238+00:00,2026-10-03T12:10:56.765239+00:00
Serie A,SA,,558514,2026-11-28T17:00:00Z,TIMED,Torino FC,SS Lazio,586,110,REGULAR_SEASON,,13,2026-10-03T12:10:56.765242+00:00,2026-10-03T12:10:56.765243+00:00
Serie A,SA,,558518,2026-11-28T19:45:00Z,TIMED,FC Internazionale Milano,Genoa CFC,108,107,REGULAR_SEASON,,13,2026-10-03T12:10:56.765245+00:00,2026-10-03T12:10:56.765247+00:00
Serie A,SA,,558517,2026-11-29T11:30:00Z,TIMED,Udinese Calcio,ACF Fiorentina,115,99,REGULAR_SEASON,,13,2026-10-03T12:10:56.765249+00:00,2026-10-03T12:10:56.765250+00:00
Serie A,SA,,558509,2026-11-29T14:00:00Z,TIMED,US Sassuolo Calcio,SSC Napoli,471,113,REGULAR_SEASON,,13,2026-10-03T12:10:56.765252+00:00,2026-10-03T12:10:56.765254+00:00
Serie A,SA,,558512,2026-11-29T17:00:00Z,TIMED,AS Roma,AC Monza,100,5911,REGULAR_SEASON,,13,2026-10-03T12:10:56.765256+00:00,2026-10-03T12:10:56.765257+00:00
Serie A,SA,,558511,2026-11-29T19:45:00Z,TIMED,Como 1907,Juventus FC,7397,109,REGULAR_SEASON,,13,2026-10-03T12:10:56.765259+00:00,2026-10-03T12:10:56.765261+00:00
Serie A,SA,,558516,2026-11-30T17:30:00Z,TIMED,US Lecce,Atalanta BC,5890,102,REGULAR_SEASON,,13,2026-10-03T12:10:56.765263+00:00,2026-10-03T12:10:56.765264+00:00
Serie A,SA,,558510,2026-11-30T19:45:00Z,TIMED,Cagliari Calcio,AC Milan,104,98,REGULAR_SEASON,,13,2026-10-03T12:10:56.765267+00:00,2026-10-03T12:10:56.765268+00:00
Serie A,SA,,558502,2026-12-04T19:45:00Z,TIMED,Bologna FC 1909,AS Roma,103,100,REGULAR_SEASON,,14,2026-10-03T12:10:56.765270+00:00,2026-10-03T12:10:56.765272+00:00
Serie A,SA,,558507,2026-12-05T14:00:00Z,TIMED,AC Monza,Como 1907,5911,7397,REGULAR_SEASON,,14,2026-10-03T12:10:56.765275+00:00,2026-10-03T12:10:56.765276+00:00
Serie A,SA,,558501,2026-12-05T17:00:00Z,TIMED,Frosinone Calcio,FC Internazionale Milano,470,108,REGULAR_SEASON,,14,2026-10-03T12:10:56.765278+00:00,2026-10-03T12:10:56.765280+00:00
Serie A,SA,,558508,2026-12-05T19:45:00Z,TIMED,SSC Napoli,US Lecce,113,5890,REGULAR_SEASON,,14,2026-10-03T12:10:56.765282+00:00,2026-10-03T12:10:56.765284+00:00
Serie A,SA,,558499,2026-12-06T11:30:00Z,TIMED,Genoa CFC,Torino FC,107,586,REGULAR_SEASON,,14,2026-10-03T12:10:56.765286+00:00,2026-10-03T12:10:56.765288+00:00
Serie A,SA,,558504,2026-12-06T14:00:00Z,TIMED,SS Lazio,Atalanta BC,110,102,REGULAR_SEASON,,14,2026-10-03T12:10:56.765290+00:00,2026-10-03T12:10:56.765292+00:00
Serie A,SA,,558500,2026-12-06T17:00:00Z,TIMED,Juventus FC,Udinese Calcio,109,115,REGULAR_SEASON,,14,2026-10-03T12:10:56.765294+00:00,2026-10-03T12:10:56.765296+00:00
Serie A,SA,,558505,2026-12-06T19:45:00Z,TIMED,AC Milan,Parma Calcio 1913,98,112,REGULAR_SEASON,,14,2026-10-03T12:10:56.765298+00:00,2026-10-03T12:10:56.765299+00:00
Serie A,SA,,558506,2026-12-07T17:30:00Z,TIMED,Venezia FC,US Sassuolo Calcio,454,471,REGULAR_SEASON,,14,2026-10-03T12:10:56.765302+00:00,2026-10-03T12:10:56.765304+00:00
Serie A,SA,,558503,2026-12-07T19:45:00Z,TIMED,ACF Fiorentina,Cagliari Calcio,99,104,REGULAR_SEASON,,14,2026-10-03T12:10:56.765306+00:00,2026-10-03T12:10:56.765308+00:00
Serie A,SA,,558491,2026-12-11T19:45:00Z,TIMED,Udinese Calcio,Frosinone Calcio,115,470,REGULAR_SEASON,,15,2026-10-03T12:10:56.765310+00:00,2026-10-03T12:10:56.765312+00:00
Serie A,SA,,558494,2026-12-12T14:00:00Z,TIMED,Cagliari Calcio,Venezia FC,104,454,REGULAR_SEASON,,15,2026-10-03T12:10:56.765314+00:00,2026-10-03T12:10:56.765316+00:00
Serie A,SA,,558492,2026-12-12T17:00:00Z,TIMED,US Lecce,US Sassuolo Calcio,5890,471,REGULAR_SEASON,,15,2026-10-03T12:10:56.765318+00:00,2026-10-03T12:10:56.765319+00:00
Serie A,SA,,558490,2026-12-12T19:45:00Z,TIMED,Como 1907,Bologna FC 1909,7397,103,REGULAR_SEASON,,15,2026-10-03T12:10:56.765322+00:00,2026-10-03T12:10:56.765323+00:00
Serie A,SA,,558498,2026-12-13T11:30:00Z,TIMED,SS Lazio,AS Roma,110,100,REGULAR_SEASON,,15,2026-10-03T12:10:56.765326+00:00,2026-10-03T12:10:56.765327+00:00
Serie A,SA,,558495,2026-12-13T14:00:00Z,TIMED,FC Internazionale Milano,Torino FC,108,586,REGULAR_SEASON,,15,2026-10-03T12:10:56.765329+00:00,2026-10-03T12:10:56.765331+00:00
Serie A,SA,,558493,2026-12-13T17:00:00Z,TIMED,Parma Calcio 1913,ACF Fiorentina,112,99,REGULAR_SEASON,,15,2026-10-03T12:10:56.765333+00:00,2026-10-03T12:10:56.765334+00:00
Serie A,SA,,558489,2026-12-13T19:45:00Z,TIMED,SSC Napoli,AC Milan,113,98,REGULAR_SEASON,,15,2026-10-03T12:10:56.765337+00:00,2026-10-03T12:10:56.765338+00:00
Serie A,SA,,558497,2026-12-14T17:30:00Z,TIMED,Atalanta BC,Genoa CFC,102,107,REGULAR_SEASON,,15,2026-10-03T12:10:56.765340+00:00,2026-10-03T12:10:56.765342+00:00
Serie A,SA,,558496,2026-12-14T19:45:00Z,TIMED,Juventus FC,AC Monza,109,5911,REGULAR_SEASON,,15,2026-10-03T12:10:56.765344+00:00,2026-10-03T12:10:56.765345+00:00
Serie A,SA,,558482,2026-12-18T17:30:00Z,TIMED,Frosinone Calcio,SS Lazio,470,110,REGULAR_SEASON,,16,2026-10-03T12:10:56.765348+00:00,2026-10-03T12:10:56.765349+00:00
Serie A,SA,,558486,2026-12-18T19:45:00Z,TIMED,US Lecce,FC Internazionale Milano,5890,108,REGULAR_SEASON,,16,2026-10-03T12:10:56.765351+00:00,2026-10-03T12:10:56.765353+00:00
Serie A,SA,,558480,2026-12-19T14:00:00Z,TIMED,US Sassuolo Calcio,Parma Calcio 1913,471,112,REGULAR_SEASON,,16,2026-10-03T12:10:56.765355+00:00,2026-10-03T12:10:56.765357+00:00
Serie A,SA,,558479,2026-12-19T17:00:00Z,TIMED,AC Milan,Como 1907,98,7397,REGULAR_SEASON,,16,2026-10-03T12:10:56.765359+00:00,2026-10-03T12:10:56.765361+00:00
Serie A,SA,,558481,2026-12-19T19:45:00Z,TIMED,AS Roma,Juventus FC,100,109,REGULAR_SEASON,,16,2026-10-03T12:10:56.765363+00:00,2026-10-03T12:10:56.765365+00:00
Serie A,SA,,558484,2026-12-20T11:30:00Z,TIMED,ACF Fiorentina,Bologna FC 1909,99,103,REGULAR_SEASON,,16,2026-10-03T12:10:56.765367+00:00,2026-10-03T12:10:56.765368+00:00
Serie A,SA,,558487,2026-12-20T14:00:00Z,TIMED,Torino FC,Cagliari Calcio,586,104,REGULAR_SEASON,,16,2026-10-03T12:10:56.765372+00:00,2026-10-03T12:10:56.765374+00:00
Serie A,SA,,558488,2026-12-20T14:00:00Z,TIMED,Venezia FC,AC Monza,454,5911,REGULAR_SEASON,,16,2026-10-03T12:10:56.765376+00:00,2026-10-03T12:10:56.765378+00:00
Serie A,SA,,558485,2026-12-20T17:00:00Z,TIMED,Genoa CFC,Udinese Calcio,107,115,REGULAR_SEASON,,16,2026-10-03T12:10:56.765380+00:00,2026-10-03T12:10:56.765382+00:00
Serie A,SA,,558483,2026-12-20T19:45:00Z,TIMED,Atalanta BC,SSC Napoli,102,113,REGULAR_SEASON,,16,2026-10-03T12:10:56.765384+00:00,2026-10-03T12:10:56.765386+00:00
Serie A,SA,,558473,2027-01-02T11:30:00Z,TIMED,Cagliari Calcio,Genoa CFC,104,107,REGULAR_SEASON,,17,2026-10-03T12:10:56.765388+00:00,2026-10-03T12:10:56.765390+00:00
Serie A,SA,,558474,2027-01-02T14:00:00Z,TIMED,Torino FC,Venezia FC,586,454,REGULAR_SEASON,,17,2026-10-03T12:10:56.765392+00:00,2026-10-03T12:10:56.765393+00:00
Serie A,SA,,558478,2027-01-02T14:00:00Z,TIMED,ACF Fiorentina,SS Lazio,99,110,REGULAR_SEASON,,17,2026-10-03T12:10:56.765396+00:00,2026-10-03T12:10:56.765397+00:00
Serie A,SA,,558471,2027-01-02T17:00:00Z,TIMED,AS Roma,Frosinone Calcio,100,470,REGULAR_SEASON,,17,2026-10-03T12:10:56.765400+00:00,2026-10-03T12:10:56.765401+00:00
Serie A,SA,,558475,2027-01-02T19:45:00Z,TIMED,AC Monza,AC Milan,5911,98,REGULAR_SEASON,,17,2026-10-03T12:10:56.765404+00:00,2026-10-03T12:10:56.765405+00:00
Serie A,SA,,558476,2027-01-03T11:30:00Z,TIMED,FC Internazionale Milano,US Sassuolo Calcio,108,471,REGULAR_SEASON,,17,2026-10-03T12:10:56.765407+00:00,2026-10-03T12:10:56.765409+00:00
Serie A,SA,,558469,2027-01-03T14:00:00Z,TIMED,Udinese Calcio,Atalanta BC,115,102,REGULAR_SEASON,,17,2026-10-03T12:10:56.765411+00:00,2026-10-03T12:10:56.765413+00:00
Serie A,SA,,558470,2027-01-03T14:00:00Z,TIMED,Como 1907,US Lecce,7397,5890,REGULAR_SEASON,,17,2026-10-03T12:10:56.765416+00:00,2026-10-03T12:10:56.765417+00:00
Serie A,SA,,558472,2027-01-03T17:00:00Z,TIMED,Parma Calcio 1913,SSC Napoli,112,113,REGULAR_SEASON,,17,2026-10-03T12:10:56.765420+00:00,2026-10-03T12:10:56.765421+00:00
Serie A,SA,,558477,2027-01-03T19:45:00Z,TIMED,Bologna FC 1909,Juventus FC,103,109,REGULAR_SEASON,,17,2026-10-03T12:10:56.765424+00:00,2026-10-03T12:10:56.765426+00:00
Serie A,SA,,558461,2027-01-05T17:30:00Z,TIMED,Genoa CFC,AC Monza,107,5911,REGULAR_SEASON,,18,2026-10-03T12:10:56.765428+00:00,2026-10-03T12:10:56.765430+00:00
Serie A,SA,,558462,2027-01-05T17:30:00Z,TIMED,Venezia FC,AS Roma,454,100,REGULAR_SEASON,,18,2026-10-03T12:10:56.765432+00:00,2026-10-03T12:10:56.765434+00:00
Serie A,SA,,558464,2027-01-05T19:45:00Z,TIMED,AC Milan,ACF Fiorentina,98,99,REGULAR_SEASON,,18,2026-10-03T12:10:56.765436+00:00,2026-10-03T12:10:56.765437+00:00
Serie A,SA,,558465,2027-01-06T11:30:00Z,TIMED,Juventus FC,Torino FC,109,586,REGULAR_SEASON,,18,2026-10-03T12:10:56.765440+00:00,2026-10-03T12:10:56.765441+00:00
Serie A,SA,,558459,2027-01-06T14:00:00Z,TIMED,Frosinone Calcio,Bologna FC 1909,470,103,REGULAR_SEASON,,18,2026-10-03T12:10:56.765444+00:00,2026-10-03T12:10:56.765445+00:00
Serie A,SA,,558468,2027-01-06T14:00:00Z,TIMED,US Lecce,Parma Calcio 1913,5890,112,REGULAR_SEASON,,18,2026-10-03T12:10:56.765448+00:00,2026-10-03T12:10:56.765449+00:00
Serie A,SA,,558466,2027-01-06T17:00:00Z,TIMED,Atalanta BC,Como 1907,102,7397,REGULAR_SEASON,,18,2026-10-03T12:10:56.765451+00:00,2026-10-03T12:10:56.765453+00:00
Serie A,SA,,558467,2027-01-06T19:45:00Z,TIMED,SS Lazio,FC Internazionale Milano,110,108,REGULAR_SEASON,,18,2026-10-03T12:10:56.765455+00:00,2026-10-03T12:10:56.765457+00:00
Serie A,SA,,558460,2027-01-07T17:30:00Z,TIMED,US Sassuolo Calcio,Udinese Calcio,471,115,REGULAR_SEASON,,18,2026-10-03T12:10:56.765459+00:00,2026-10-03T12:10:56.765461+00:00
Serie A,SA,,558463,2027-01-07T19:45:00Z,TIMED,SSC Napoli,Cagliari Calcio,113,104,REGULAR_SEASON,,18,2026-10-03T12:10:56.765463+00:00,2026-10-03T12:10:56.765464+00:00
Serie A,SA,,558452,2027-01-09T14:00:00Z,TIMED,AC Monza,Frosinone Calcio,5911,470,REGULAR_SEASON,,19,2026-10-03T12:10:56.765466+00:00,2026-10-03T12:10:56.765468+00:00
Serie A,SA,,558458,2027-01-09T17:00:00Z,TIMED,AS Roma,AC Milan,100,98,REGULAR_SEASON,,19,2026-10-03T12:10:56.765470+00:00,2026-10-03T12:10:56.765471+00:00
Serie A,SA,,558455,2027-01-09T19:45:00Z,TIMED,Bologna FC 1909,Genoa CFC,103,107,REGULAR_SEASON,,19,2026-10-03T12:10:56.765473+00:00,2026-10-03T12:10:56.765475+00:00
Serie A,SA,,558457,2027-01-10T11:30:00Z,TIMED,Como 1907,SS Lazio,7397,110,REGULAR_SEASON,,19,2026-10-03T12:10:56.765477+00:00,2026-10-03T12:10:56.765478+00:00
Serie A,SA,,558449,2027-01-10T14:00:00Z,TIMED,ACF Fiorentina,US Lecce,99,5890,REGULAR_SEASON,,19,2026-10-03T12:10:56.765481+00:00,2026-10-03T12:10:56.765482+00:00
Serie A,SA,,558454,2027-01-10T14:00:00Z,TIMED,Parma Calcio 1913,Venezia FC,112,454,REGULAR_SEASON,,19,2026-10-03T12:10:56.765484+00:00,2026-10-03T12:10:56.765486+00:00
Serie A,SA,,558451,2027-01-10T17:00:00Z,TIMED,Torino FC,Atalanta BC,586,102,REGULAR_SEASON,,19,2026-10-03T12:10:56.765488+00:00,2026-10-03T12:10:56.765489+00:00
Serie A,SA,,558453,2027-01-10T19:45:00Z,TIMED,FC Internazionale Milano,Juventus FC,108,109,REGULAR_SEASON,,19,2026-10-03T12:10:56.765491+00:00,2026-10-03T12:10:56.765493+00:00
Serie A,SA,,558456,2027-01-11T17:30:00Z,TIMED,Cagliari Calcio,US Sassuolo Calcio,104,471,REGULAR_SEASON,,19,2026-10-03T12:10:56.765495+00:00,2026-10-03T12:10:56.765496+00:00
Serie A,SA,,558450,2027-01-11T19:45:00Z,TIMED,Udinese Calcio,SSC Napoli,115,113,REGULAR_SEASON,,19,2026-10-03T12:10:56.765498+00:00,2026-10-03T12:10:56.765500+00:00
Serie A,SA,,558439,2027-01-17T00:00:00Z,SCHEDULED,AC Milan,Torino FC,98,586,REGULAR_SEASON,,20,2026-10-03T12:10:56.765502+00:00,2026-10-03T12:10:56.765503+00:00
Serie A,SA,,558440,2027-01-17T00:00:00Z,SCHEDULED,Parma Calcio 1913,FC Internazionale Milano,112,108,REGULAR_SEASON,,20,2026-10-03T12:10:56.765506+00:00,2026-10-03T12:10:56.765507+00:00
Serie A,SA,,558441,2027-01-17T00:00:00Z,SCHEDULED,Juventus FC,Genoa CFC,109,107,REGULAR_SEASON,,20,2026-10-03T12:10:56.765509+00:00,2026-10-03T12:10:56.765511+00:00
Serie A,SA,,558442,2027-01-17T00:00:00Z,SCHEDULED,US Lecce,Udinese Calcio,5890,115,REGULAR_SEASON,,20,2026-10-03T12:10:56.765513+00:00,2026-10-03T12:10:56.765514+00:00
Serie A,SA,,558443,2027-01-17T00:00:00Z,SCHEDULED,Cagliari Calcio,Como 1907,104,7397,REGULAR_SEASON,,20,2026-10-03T12:10:56.765516+00:00,2026-10-03T12:10:56.765518+00:00
Serie A,SA,,558444,2027-01-17T00:00:00Z,SCHEDULED,US Sassuolo Calcio,AC Monza,471,5911,REGULAR_SEASON,,20,2026-10-03T12:10:56.765520+00:00,2026-10-03T12:10:56.765521+00:00
Serie A,SA,,558445,2027-01-17T00:00:00Z,SCHEDULED,SSC Napoli,ACF Fiorentina,113,99,REGULAR_SEASON,,20,2026-10-03T12:10:56.765524+00:00,2026-10-03T12:10:56.765525+00:00
Serie A,SA,,558446,2027-01-17T00:00:00Z,SCHEDULED,SS Lazio,Bologna FC 1909,110,103,REGULAR_SEASON,,20,2026-10-03T12:10:56.765527+00:00,2026-10-03T12:10:56.765528+00:00
Serie A,SA,,558447,2027-01-17T00:00:00Z,SCHEDULED,Venezia FC,Frosinone Calcio,454,470,REGULAR_SEASON,,20,2026-10-03T12:10:56.765530+00:00,2026-10-03T12:10:56.765532+00:00
Serie A,SA,,558448,2027-01-17T00:00:00Z,SCHEDULED,Atalanta BC,AS Roma,102,100,REGULAR_SEASON,,20,2026-10-03T12:10:56.765534+00:00,2026-10-03T12:10:56.765535+00:00
Serie A,SA,,558429,2027-01-24T00:00:00Z,SCHEDULED,US Lecce,Torino FC,5890,586,REGULAR_SEASON,,21,2026-10-03T12:10:56.765538+00:00,2026-10-03T12:10:56.765539+00:00
Serie A,SA,,558430,2027-01-24T00:00:00Z,SCHEDULED,Juventus FC,Cagliari Calcio,109,104,REGULAR_SEASON,,21,2026-10-03T12:10:56.765541+00:00,2026-10-03T12:10:56.765542+00:00
Serie A,SA,,558431,2027-01-24T00:00:00Z,SCHEDULED,FC Internazionale Milano,Venezia FC,108,454,REGULAR_SEASON,,21,2026-10-03T12:10:56.765544+00:00,2026-10-03T12:10:56.765546+00:00
Serie A,SA,,558432,2027-01-24T00:00:00Z,SCHEDULED,ACF Fiorentina,US Sassuolo Calcio,99,471,REGULAR_SEASON,,21,2026-10-03T12:10:56.765548+00:00,2026-10-03T12:10:56.765549+00:00
Serie A,SA,,558433,2027-01-24T00:00:00Z,SCHEDULED,Frosinone Calcio,AC Milan,470,98,REGULAR_SEASON,,21,2026-10-03T12:10:56.765552+00:00,2026-10-03T12:10:56.765553+00:00
Serie A,SA,,558434,2027-01-24T00:00:00Z,SCHEDULED,AS Roma,Udinese Calcio,100,115,REGULAR_SEASON,,21,2026-10-03T12:10:56.765555+00:00,2026-10-03T12:10:56.765556+00:00
Serie A,SA,,558435,2027-01-24T00:00:00Z,SCHEDULED,Bologna FC 1909,Atalanta BC,103,102,REGULAR_SEASON,,21,2026-10-03T12:10:56.765558+00:00,2026-10-03T12:10:56.765560+00:00
Serie A,SA,,558436,2027-01-24T00:00:00Z,SCHEDULED,Genoa CFC,Parma Calcio 1913,107,112,REGULAR_SEASON,,21,2026-10-03T12:10:56.765562+00:00,2026-10-03T12:10:56.765563+00:00
Serie A,SA,,558437,2027-01-24T00:00:00Z,SCHEDULED,Como 1907,SSC Napoli,7397,113,REGULAR_SEASON,,21,2026-10-03T12:10:56.765565+00:00,2026-10-03T12:10:56.765567+00:00
Serie A,SA,,558438,2027-01-24T00:00:00Z,SCHEDULED,AC Monza,SS Lazio,5911,110,REGULAR_SEASON,,21,2026-10-03T12:10:56.765569+00:00,2026-10-03T12:10:56.765570+00:00
Serie A,SA,,558419,2027-01-31T00:00:00Z,SCHEDULED,AC Milan,Juventus FC,98,109,REGULAR_SEASON,,22,2026-10-03T12:10:56.765573+00:00,2026-10-03T12:10:56.765574+00:00
Serie A,SA,,558420,2027-01-31T00:00:00Z,SCHEDULED,AC Monza,AS Roma,5911,100,REGULAR_SEASON,,22,2026-10-03T12:10:56.765576+00:00,2026-10-03T12:10:56.765577+00:00
Serie A,SA,,558421,2027-01-31T00:00:00Z,SCHEDULED,Torino FC,Frosinone Calcio,586,470,REGULAR_SEASON,,22,2026-10-03T12:10:56.765579+00:00,2026-10-03T12:10:56.765581+00:00
Serie A,SA,,558422,2027-01-31T00:00:00Z,SCHEDULED,Udinese Calcio,Bologna FC 1909,115,103,REGULAR_SEASON,,22,2026-10-03T12:10:56.765583+00:00,2026-10-03T12:10:56.765584+00:00
Serie A,SA,,558423,2027-01-31T00:00:00Z,SCHEDULED,US Sassuolo Calcio,Como 1907,471,7397,REGULAR_SEASON,,22,2026-10-03T12:10:56.765586+00:00,2026-10-03T12:10:56.765588+00:00
Serie A,SA,,558424,2027-01-31T00:00:00Z,SCHEDULED,Genoa CFC,US Lecce,107,5890,REGULAR_SEASON,,22,2026-10-03T12:10:56.765590+00:00,2026-10-03T12:10:56.765591+00:00
Serie A,SA,,558425,2027-01-31T00:00:00Z,SCHEDULED,Cagliari Calcio,Parma Calcio 1913,104,112,REGULAR_SEASON,,22,2026-10-03T12:10:56.765594+00:00,2026-10-03T12:10:56.765595+00:00
Serie A,SA,,558426,2027-01-31T00:00:00Z,SCHEDULED,Atalanta BC,ACF Fiorentina,102,99,REGULAR_SEASON,,22,2026-10-03T12:10:56.765597+00:00,2026-10-03T12:10:56.765599+00:00
Serie A,SA,,558427,2027-01-31T00:00:00Z,SCHEDULED,SS Lazio,Venezia FC,110,454,REGULAR_SEASON,,22,2026-10-03T12:10:56.765601+00:00,2026-10-03T12:10:56.765602+00:00
Serie A,SA,,558428,2027-01-31T00:00:00Z,SCHEDULED,SSC Napoli,FC Internazionale Milano,113,108,REGULAR_SEASON,,22,2026-10-03T12:10:56.765604+00:00,2026-10-03T12:10:56.765606+00:00
Serie A,SA,,558409,2027-02-07T00:00:00Z,SCHEDULED,Juventus FC,US Sassuolo Calcio,109,471,REGULAR_SEASON,,23,2026-10-03T12:10:56.765608+00:00,2026-10-03T12:10:56.765609+00:00
Serie A,SA,,558410,2027-02-07T00:00:00Z,SCHEDULED,FC Internazionale Milano,Cagliari Calcio,108,104,REGULAR_SEASON,,23,2026-10-03T12:10:56.765612+00:00,2026-10-03T12:10:56.765613+00:00
Serie A,SA,,558411,2027-02-07T00:00:00Z,SCHEDULED,Como 1907,AC Monza,7397,5911,REGULAR_SEASON,,23,2026-10-03T12:10:56.765615+00:00,2026-10-03T12:10:56.765616+00:00
Serie A,SA,,558412,2027-02-07T00:00:00Z,SCHEDULED,US Lecce,SSC Napoli,5890,113,REGULAR_SEASON,,23,2026-10-03T12:10:56.765619+00:00,2026-10-03T12:10:56.765620+00:00
Serie A,SA,,558413,2027-02-07T00:00:00Z,SCHEDULED,Venezia FC,Genoa CFC,454,107,REGULAR_SEASON,,23,2026-10-03T12:10:56.765622+00:00,2026-10-03T12:10:56.765623+00:00
Serie A,SA,,558414,2027-02-07T00:00:00Z,SCHEDULED,AS Roma,Torino FC,100,586,REGULAR_SEASON,,23,2026-10-03T12:10:56.765625+00:00,2026-10-03T12:10:56.765627+00:00
Serie A,SA,,558415,2027-02-07T00:00:00Z,SCHEDULED,Atalanta BC,SS Lazio,102,110,REGULAR_SEASON,,23,2026-10-03T12:10:56.765629+00:00,2026-10-03T12:10:56.765630+00:00
Serie A,SA,,558416,2027-02-07T00:00:00Z,SCHEDULED,Parma Calcio 1913,Frosinone Calcio,112,470,REGULAR_SEASON,,23,2026-10-03T12:10:56.765633+00:00,2026-10-03T12:10:56.765634+00:00
Serie A,SA,,558417,2027-02-07T00:00:00Z,SCHEDULED,Bologna FC 1909,AC Milan,103,98,REGULAR_SEASON,,23,2026-10-03T12:10:56.765636+00:00,2026-10-03T12:10:56.765637+00:00
Serie A,SA,,558418,2027-02-07T00:00:00Z,SCHEDULED,ACF Fiorentina,Udinese Calcio,99,115,REGULAR_SEASON,,23,2026-10-03T12:10:56.765639+00:00,2026-10-03T12:10:56.765641+00:00
Serie A,SA,,558399,2027-02-14T00:00:00Z,SCHEDULED,SSC Napoli,Juventus FC,113,109,REGULAR_SEASON,,24,2026-10-03T12:10:56.765643+00:00,2026-10-03T12:10:56.765644+00:00
Serie A,SA,,558400,2027-02-14T00:00:00Z,SCHEDULED,AC Monza,US Lecce,5911,5890,REGULAR_SEASON,,24,2026-10-03T12:10:56.765646+00:00,2026-10-03T12:10:56.765648+00:00
Serie A,SA,,558401,2027-02-14T00:00:00Z,SCHEDULED,Torino FC,US Sassuolo Calcio,586,471,REGULAR_SEASON,,24,2026-10-03T12:10:56.765650+00:00,2026-10-03T12:10:56.765651+00:00
Serie A,SA,,558402,2027-02-14T00:00:00Z,SCHEDULED,Frosinone Calcio,ACF Fiorentina,470,99,REGULAR_SEASON,,24,2026-10-03T12:10:56.765653+00:00,2026-10-03T12:10:56.765655+00:00
Serie A,SA,,558403,2027-02-14T00:00:00Z,SCHEDULED,Bologna FC 1909,Como 1907,103,7397,REGULAR_SEASON,,24,2026-10-03T12:10:56.765657+00:00,2026-10-03T12:10:56.765658+00:00
Serie A,SA,,558404,2027-02-14T00:00:00Z,SCHEDULED,AS Roma,Parma Calcio 1913,100,112,REGULAR_SEASON,,24,2026-10-03T12:10:56.765660+00:00,2026-10-03T12:10:56.765662+00:00
Serie A,SA,,558405,2027-02-14T00:00:00Z,SCHEDULED,Udinese Calcio,Venezia FC,115,454,REGULAR_SEASON,,24,2026-10-03T12:10:56.765664+00:00,2026-10-03T12:10:56.765665+00:00
Serie A,SA,,558406,2027-02-14T00:00:00Z,SCHEDULED,Genoa CFC,Atalanta BC,107,102,REGULAR_SEASON,,24,2026-10-03T12:10:56.765668+00:00,2026-10-03T12:10:56.765669+00:00
Serie A,SA,,558407,2027-02-14T00:00:00Z,SCHEDULED,Cagliari Calcio,SS Lazio,104,110,REGULAR_SEASON,,24,2026-10-03T12:10:56.765671+00:00,2026-10-03T12:10:56.765673+00:00
Serie A,SA,,558408,2027-02-14T00:00:00Z,SCHEDULED,FC Internazionale Milano,AC Milan,108,98,REGULAR_SEASON,,24,2026-10-03T12:10:56.765675+00:00,2026-10-03T12:10:56.765676+00:00
Serie A,SA,,558389,2027-02-21T00:00:00Z,SCHEDULED,Como 1907,Torino FC,7397,586,REGULAR_SEASON,,25,2026-10-03T12:10:56.765679+00:00,2026-10-03T12:10:56.765680+00:00
Serie A,SA,,558390,2027-02-21T00:00:00Z,SCHEDULED,Atalanta BC,AC Monza,102,5911,REGULAR_SEASON,,25,2026-10-03T12:10:56.765682+00:00,2026-10-03T12:10:56.765684+00:00
Serie A,SA,,558391,2027-02-21T00:00:00Z,SCHEDULED,Udinese Calcio,Parma Calcio 1913,115,112,REGULAR_SEASON,,25,2026-10-03T12:10:56.765686+00:00,2026-10-03T12:10:56.765687+00:00
Serie A,SA,,558392,2027-02-21T00:00:00Z,SCHEDULED,Juventus FC,Bologna FC 1909,109,103,REGULAR_SEASON,,25,2026-10-03T12:10:56.765690+00:00,2026-10-03T12:10:56.765691+00:00
Serie A,SA,,558393,2027-02-21T00:00:00Z,SCHEDULED,ACF Fiorentina,FC Internazionale Milano,99,108,REGULAR_SEASON,,25,2026-10-03T12:10:56.765693+00:00,2026-10-03T12:10:56.765694+00:00
Serie A,SA,,558394,2027-02-21T00:00:00Z,SCHEDULED,US Sassuolo Calcio,AS Roma,471,100,REGULAR_SEASON,,25,2026-10-03T12:10:56.765697+00:00,2026-10-03T12:10:56.765698+00:00
Serie A,SA,,558395,2027-02-21T00:00:00Z,SCHEDULED,AC Milan,Genoa CFC,98,107,REGULAR_SEASON,,25,2026-10-03T12:10:56.765700+00:00,2026-10-03T12:10:56.765702+00:00
Serie A,SA,,558396,2027-02-21T00:00:00Z,SCHEDULED,Venezia FC,Cagliari Calcio,454,104,REGULAR_SEASON,,25,2026-10-03T12:10:56.765704+00:00,2026-10-03T12:10:56.765706+00:00
Serie A,SA,,558397,2027-02-21T00:00:00Z,SCHEDULED,US Lecce,Frosinone Calcio,5890,470,REGULAR_SEASON,,25,2026-10-03T12:10:56.765708+00:00,2026-10-03T12:10:56.765709+00:00
Serie A,SA,,558398,2027-02-21T00:00:00Z,SCHEDULED,SS Lazio,SSC Napoli,110,113,REGULAR_SEASON,,25,2026-10-03T12:10:56.765712+00:00,2026-10-03T12:10:56.765713+00:00
Serie A,SA,,558379,2027-02-28T00:00:00Z,SCHEDULED,FC Internazionale Milano,Atalanta BC,108,102,REGULAR_SEASON,,26,2026-10-03T12:10:56.765715+00:00,2026-10-03T12:10:56.765716+00:00
Serie A,SA,,558380,2027-02-28T00:00:00Z,SCHEDULED,Cagliari Calcio,Udinese Calcio,104,115,REGULAR_SEASON,,26,2026-10-03T12:10:56.765719+00:00,2026-10-03T12:10:56.765720+00:00
Serie A,SA,,558381,2027-02-28T00:00:00Z,SCHEDULED,Parma Calcio 1913,US Sassuolo Calcio,112,471,REGULAR_SEASON,,26,2026-10-03T12:10:56.765722+00:00,2026-10-03T12:10:56.765723+00:00
Serie A,SA,,558382,2027-02-28T00:00:00Z,SCHEDULED,Genoa CFC,SS Lazio,107,110,REGULAR_SEASON,,26,2026-10-03T12:10:56.765725+00:00,2026-10-03T12:10:56.765727+00:00
Serie A,SA,,558383,2027-02-28T00:00:00Z,SCHEDULED,AS Roma,Venezia FC,100,454,REGULAR_SEASON,,26,2026-10-03T12:10:56.765729+00:00,2026-10-03T12:10:56.765730+00:00
Serie A,SA,,558384,2027-02-28T00:00:00Z,SCHEDULED,Como 1907,AC Milan,7397,98,REGULAR_SEASON,,26,2026-10-03T12:10:56.765732+00:00,2026-10-03T12:10:56.765734+00:00
Serie A,SA,,558385,2027-02-28T00:00:00Z,SCHEDULED,Torino FC,ACF Fiorentina,586,99,REGULAR_SEASON,,26,2026-10-03T12:10:56.765736+00:00,2026-10-03T12:10:56.765737+00:00
Serie A,SA,,558386,2027-02-28T00:00:00Z,SCHEDULED,Bologna FC 1909,US Lecce,103,5890,REGULAR_SEASON,,26,2026-10-03T12:10:56.765739+00:00,2026-10-03T12:10:56.765741+00:00
Serie A,SA,,558387,2027-02-28T00:00:00Z,SCHEDULED,AC Monza,Juventus FC,5911,109,REGULAR_SEASON,,26,2026-10-03T12:10:56.765743+00:00,2026-10-03T12:10:56.765744+00:00
Serie A,SA,,558388,2027-02-28T00:00:00Z,SCHEDULED,Frosinone Calcio,SSC Napoli,470,113,REGULAR_SEASON,,26,2026-10-03T12:10:56.765746+00:00,2026-10-03T12:10:56.765748+00:00
Serie A,SA,,558369,2027-03-07T00:00:00Z,SCHEDULED,Udinese Calcio,FC Internazionale Milano,115,108,REGULAR_SEASON,,27,2026-10-03T12:10:56.765750+00:00,2026-10-03T12:10:56.765751+00:00
Serie A,SA,,558370,2027-03-07T00:00:00Z,SCHEDULED,Atalanta BC,Torino FC,102,586,REGULAR_SEASON,,27,2026-10-03T12:10:56.765753+00:00,2026-10-03T12:10:56.765755+00:00
Serie A,SA,,558371,2027-03-07T00:00:00Z,SCHEDULED,SSC Napoli,Parma Calcio 1913,113,112,REGULAR_SEASON,,27,2026-10-03T12:10:56.765757+00:00,2026-10-03T12:10:56.765758+00:00
Serie A,SA,,558372,2027-03-07T00:00:00Z,SCHEDULED,US Lecce,Como 1907,5890,7397,REGULAR_SEASON,,27,2026-10-03T12:10:56.765760+00:00,2026-10-03T12:10:56.765762+00:00
Serie A,SA,,558373,2027-03-07T00:00:00Z,SCHEDULED,SS Lazio,Frosinone Calcio,110,470,REGULAR_SEASON,,27,2026-10-03T12:10:56.765764+00:00,2026-10-03T12:10:56.765765+00:00
Serie A,SA,,558374,2027-03-07T00:00:00Z,SCHEDULED,US Sassuolo Calcio,Bologna FC 1909,471,103,REGULAR_SEASON,,27,2026-10-03T12:10:56.765767+00:00,2026-10-03T12:10:56.765769+00:00
Serie A,SA,,558375,2027-03-07T00:00:00Z,SCHEDULED,AC Monza,Genoa CFC,5911,107,REGULAR_SEASON,,27,2026-10-03T12:10:56.765771+00:00,2026-10-03T12:10:56.765772+00:00
Serie A,SA,,558376,2027-03-07T00:00:00Z,SCHEDULED,ACF Fiorentina,Venezia FC,99,454,REGULAR_SEASON,,27,2026-10-03T12:10:56.765774+00:00,2026-10-03T12:10:56.765776+00:00
Serie A,SA,,558377,2027-03-07T00:00:00Z,SCHEDULED,AC Milan,Cagliari Calcio,98,104,REGULAR_SEASON,,27,2026-10-03T12:10:56.765778+00:00,2026-10-03T12:10:56.765779+00:00
Serie A,SA,,558378,2027-03-07T00:00:00Z,SCHEDULED,Juventus FC,AS Roma,109,100,REGULAR_SEASON,,27,2026-10-03T12:10:56.765781+00:00,2026-10-03T12:10:56.765783+00:00
Serie A,SA,,558359,2027-03-14T00:00:00Z,SCHEDULED,Bologna FC 1909,SSC Napoli,103,113,REGULAR_SEASON,,28,2026-10-03T12:10:56.765785+00:00,2026-10-03T12:10:56.765786+00:00
Serie A,SA,,558360,2027-03-14T00:00:00Z,SCHEDULED,Cagliari Calcio,ACF Fiorentina,104,99,REGULAR_SEASON,,28,2026-10-03T12:10:56.765788+00:00,2026-10-03T12:10:56.765790+00:00
Serie A,SA,,558361,2027-03-14T00:00:00Z,SCHEDULED,AC Milan,US Sassuolo Calcio,98,471,REGULAR_SEASON,,28,2026-10-03T12:10:56.765792+00:00,2026-10-03T12:10:56.765793+00:00
Serie A,SA,,558362,2027-03-14T00:00:00Z,SCHEDULED,Genoa CFC,AS Roma,107,100,REGULAR_SEASON,,28,2026-10-03T12:10:56.765795+00:00,2026-10-03T12:10:56.765797+00:00
Serie A,SA,,558363,2027-03-14T00:00:00Z,SCHEDULED,Parma Calcio 1913,US Lecce,112,5890,REGULAR_SEASON,,28,2026-10-03T12:10:56.765799+00:00,2026-10-03T12:10:56.765800+00:00
Serie A,SA,,558364,2027-03-14T00:00:00Z,SCHEDULED,Torino FC,FC Internazionale Milano,586,108,REGULAR_SEASON,,28,2026-10-03T12:10:56.765803+00:00,2026-10-03T12:10:56.765804+00:00
Serie A,SA,,558365,2027-03-14T00:00:00Z,SCHEDULED,Frosinone Calcio,AC Monza,470,5911,REGULAR_SEASON,,28,2026-10-03T12:10:56.765806+00:00,2026-10-03T12:10:56.765807+00:00
Serie A,SA,,558366,2027-03-14T00:00:00Z,SCHEDULED,Como 1907,Udinese Calcio,7397,115,REGULAR_SEASON,,28,2026-10-03T12:10:56.765810+00:00,2026-10-03T12:10:56.765811+00:00
Serie A,SA,,558367,2027-03-14T00:00:00Z,SCHEDULED,SS Lazio,Juventus FC,110,109,REGULAR_SEASON,,28,2026-10-03T12:10:56.765813+00:00,2026-10-03T12:10:56.765815+00:00
Serie A,SA,,558368,2027-03-14T00:00:00Z,SCHEDULED,Venezia FC,Atalanta BC,454,102,REGULAR_SEASON,,28,2026-10-03T12:10:56.765817+00:00,2026-10-03T12:10:56.765818+00:00
Serie A,SA,,558349,2027-03-21T00:00:00Z,SCHEDULED,SSC Napoli,Venezia FC,113,454,REGULAR_SEASON,,29,2026-10-03T12:10:56.765820+00:00,2026-10-03T12:10:56.765822+00:00
Serie A,SA,,558350,2027-03-21T00:00:00Z,SCHEDULED,Udinese Calcio,Torino FC,115,586,REGULAR_SEASON,,29,2026-10-03T12:10:56.765824+00:00,2026-10-03T12:10:56.765825+00:00
Serie A,SA,,558351,2027-03-21T00:00:00Z,SCHEDULED,Juventus FC,Como 1907,109,7397,REGULAR_SEASON,,29,2026-10-03T12:10:56.765827+00:00,2026-10-03T12:10:56.765828+00:00
Serie A,SA,,558352,2027-03-21T00:00:00Z,SCHEDULED,ACF Fiorentina,Genoa CFC,99,107,REGULAR_SEASON,,29,2026-10-03T12:10:56.765831+00:00,2026-10-03T12:10:56.765832+00:00
Serie A,SA,,558353,2027-03-21T00:00:00Z,SCHEDULED,Parma Calcio 1913,SS Lazio,112,110,REGULAR_SEASON,,29,2026-10-03T12:10:56.765834+00:00,2026-10-03T12:10:56.765835+00:00
Serie A,SA,,558354,2027-03-21T00:00:00Z,SCHEDULED,US Sassuolo Calcio,Cagliari Calcio,471,104,REGULAR_SEASON,,29,2026-10-03T12:10:56.765838+00:00,2026-10-03T12:10:56.765839+00:00
Serie A,SA,,558355,2027-03-21T00:00:00Z,SCHEDULED,AC Monza,Bologna FC 1909,5911,103,REGULAR_SEASON,,29,2026-10-03T12:10:56.765841+00:00,2026-10-03T12:10:56.765843+00:00
Serie A,SA,,558356,2027-03-21T00:00:00Z,SCHEDULED,FC Internazionale Milano,Frosinone Calcio,108,470,REGULAR_SEASON,,29,2026-10-03T12:10:56.765845+00:00,2026-10-03T12:10:56.765846+00:00
Serie A,SA,,558357,2027-03-21T00:00:00Z,SCHEDULED,AS Roma,US Lecce,100,5890,REGULAR_SEASON,,29,2026-10-03T12:10:56.765848+00:00,2026-10-03T12:10:56.765849+00:00
Serie A,SA,,558358,2027-03-21T00:00:00Z,SCHEDULED,Atalanta BC,AC Milan,102,98,REGULAR_SEASON,,29,2026-10-03T12:10:56.765852+00:00,2026-10-03T12:10:56.765853+00:00
Serie A,SA,,558339,2027-04-04T00:00:00Z,SCHEDULED,US Lecce,SS Lazio,5890,110,REGULAR_SEASON,,30,2026-10-03T12:10:56.765855+00:00,2026-10-03T12:10:56.765857+00:00
Serie A,SA,,558340,2027-04-04T00:00:00Z,SCHEDULED,Cagliari Calcio,SSC Napoli,104,113,REGULAR_SEASON,,30,2026-10-03T12:10:56.765859+00:00,2026-10-03T12:10:56.765860+00:00
Serie A,SA,,558341,2027-04-04T00:00:00Z,SCHEDULED,Como 1907,ACF Fiorentina,7397,99,REGULAR_SEASON,,30,2026-10-03T12:10:56.765862+00:00,2026-10-03T12:10:56.765863+00:00
Serie A,SA,,558342,2027-04-04T00:00:00Z,SCHEDULED,US Sassuolo Calcio,Atalanta BC,471,102,REGULAR_SEASON,,30,2026-10-03T12:10:56.765866+00:00,2026-10-03T12:10:56.765867+00:00
Serie A,SA,,558343,2027-04-04T00:00:00Z,SCHEDULED,AS Roma,Bologna FC 1909,100,103,REGULAR_SEASON,,30,2026-10-03T12:10:56.765869+00:00,2026-10-03T12:10:56.765871+00:00
Serie A,SA,,558344,2027-04-04T00:00:00Z,SCHEDULED,AC Milan,AC Monza,98,5911,REGULAR_SEASON,,30,2026-10-03T12:10:56.765873+00:00,2026-10-03T12:10:56.765874+00:00
Serie A,SA,,558345,2027-04-04T00:00:00Z,SCHEDULED,Genoa CFC,FC Internazionale Milano,107,108,REGULAR_SEASON,,30,2026-10-03T12:10:56.765876+00:00,2026-10-03T12:10:56.765878+00:00
Serie A,SA,,558346,2027-04-04T00:00:00Z,SCHEDULED,Torino FC,Juventus FC,586,109,REGULAR_SEASON,,30,2026-10-03T12:10:56.765880+00:00,2026-10-03T12:10:56.765881+00:00
Serie A,SA,,558347,2027-04-04T00:00:00Z,SCHEDULED,Venezia FC,Parma Calcio 1913,454,112,REGULAR_SEASON,,30,2026-10-03T12:10:56.765884+00:00,2026-10-03T12:10:56.765885+00:00
Serie A,SA,,558348,2027-04-04T00:00:00Z,SCHEDULED,Frosinone Calcio,Udinese Calcio,470,115,REGULAR_SEASON,,30,2026-10-03T12:10:56.765887+00:00,2026-10-03T12:10:56.765888+00:00
Serie A,SA,,558336,2027-04-11T00:00:00Z,SCHEDULED,Juventus FC,US Lecce,109,5890,REGULAR_SEASON,,31,2026-10-03T12:10:56.765891+00:00,2026-10-03T12:10:56.765892+00:00
Serie A,SA,,558337,2027-04-11T00:00:00Z,SCHEDULED,SSC Napoli,US Sassuolo Calcio,113,471,REGULAR_SEASON,,31,2026-10-03T12:10:56.765894+00:00,2026-10-03T12:10:56.765895+00:00
Serie A,SA,,558338,2027-04-11T00:00:00Z,SCHEDULED,ACF Fiorentina,AC Milan,99,98,REGULAR_SEASON,,31,2026-10-03T12:10:56.765898+00:00,2026-10-03T12:10:56.765899+00:00
Serie A,SA,,558329,2027-04-11T00:00:00Z,SCHEDULED,SS Lazio,Torino FC,110,586,REGULAR_SEASON,,31,2026-10-03T12:10:56.765901+00:00,2026-10-03T12:10:56.765903+00:00
Serie A,SA,,558330,2027-04-11T00:00:00Z,SCHEDULED,Cagliari Calcio,Atalanta BC,104,102,REGULAR_SEASON,,31,2026-10-03T12:10:56.765905+00:00,2026-10-03T12:10:56.765906+00:00
Serie A,SA,,558331,2027-04-11T00:00:00Z,SCHEDULED,Parma Calcio 1913,Como 1907,112,7397,REGULAR_SEASON,,31,2026-10-03T12:10:56.765908+00:00,2026-10-03T12:10:56.765910+00:00
Serie A,SA,,558332,2027-04-11T00:00:00Z,SCHEDULED,Bologna FC 1909,Venezia FC,103,454,REGULAR_SEASON,,31,2026-10-03T12:10:56.765912+00:00,2026-10-03T12:10:56.765913+00:00
Serie A,SA,,558333,2027-04-11T00:00:00Z,SCHEDULED,Frosinone Calcio,Genoa CFC,470,107,REGULAR_SEASON,,31,2026-10-03T12:10:56.765915+00:00,2026-10-03T12:10:56.765917+00:00
Serie A,SA,,558334,2027-04-11T00:00:00Z,SCHEDULED,FC Internazionale Milano,AS Roma,108,100,REGULAR_SEASON,,31,2026-10-03T12:10:56.765919+00:00,2026-10-03T12:10:56.765920+00:00
Serie A,SA,,558335,2027-04-11T00:00:00Z,SCHEDULED,Udinese Calcio,AC Monza,115,5911,REGULAR_SEASON,,31,2026-10-03T12:10:56.765922+00:00,2026-10-03T12:10:56.765923+00:00
Serie A,SA,,558319,2027-04-18T00:00:00Z,SCHEDULED,AC Monza,FC Internazionale Milano,5911,108,REGULAR_SEASON,,32,2026-10-03T12:10:56.765926+00:00,2026-10-03T12:10:56.765927+00:00
Serie A,SA,,558320,2027-04-18T00:00:00Z,SCHEDULED,ACF Fiorentina,Parma Calcio 1913,99,112,REGULAR_SEASON,,32,2026-10-03T12:10:56.765929+00:00,2026-10-03T12:10:56.765930+00:00
Serie A,SA,,558321,2027-04-18T00:00:00Z,SCHEDULED,AS Roma,SS Lazio,100,110,REGULAR_SEASON,,32,2026-10-03T12:10:56.765933+00:00,2026-10-03T12:10:56.765934+00:00
Serie A,SA,,558322,2027-04-18T00:00:00Z,SCHEDULED,Como 1907,Frosinone Calcio,7397,470,REGULAR_SEASON,,32,2026-10-03T12:10:56.765936+00:00,2026-10-03T12:10:56.765937+00:00
Serie A,SA,,558323,2027-04-18T00:00:00Z,SCHEDULED,US Sassuolo Calcio,US Lecce,471,5890,REGULAR_SEASON,,32,2026-10-03T12:10:56.765940+00:00,2026-10-03T12:10:56.765941+00:00
Serie A,SA,,558324,2027-04-18T00:00:00Z,SCHEDULED,Bologna FC 1909,Cagliari Calcio,103,104,REGULAR_SEASON,,32,2026-10-03T12:10:56.765943+00:00,2026-10-03T12:10:56.765944+00:00
Serie A,SA,,558325,2027-04-18T00:00:00Z,SCHEDULED,Atalanta BC,Udinese Calcio,102,115,REGULAR_SEASON,,32,2026-10-03T12:10:56.765946+00:00,2026-10-03T12:10:56.765948+00:00
Serie A,SA,,558326,2027-04-18T00:00:00Z,SCHEDULED,Venezia FC,Juventus FC,454,109,REGULAR_SEASON,,32,2026-10-03T12:10:56.765950+00:00,2026-10-03T12:10:56.765951+00:00
Serie A,SA,,558327,2027-04-18T00:00:00Z,SCHEDULED,AC Milan,SSC Napoli,98,113,REGULAR_SEASON,,32,2026-10-03T12:10:56.765953+00:00,2026-10-03T12:10:56.765955+00:00
Serie A,SA,,558328,2027-04-18T00:00:00Z,SCHEDULED,Torino FC,Genoa CFC,586,107,REGULAR_SEASON,,32,2026-10-03T12:10:56.765957+00:00,2026-10-03T12:10:56.765958+00:00
Serie A,SA,,558309,2027-04-25T00:00:00Z,SCHEDULED,Frosinone Calcio,AS Roma,470,100,REGULAR_SEASON,,33,2026-10-03T12:10:56.765960+00:00,2026-10-03T12:10:56.765962+00:00
Serie A,SA,,558310,2027-04-25T00:00:00Z,SCHEDULED,Cagliari Calcio,AC Monza,104,5911,REGULAR_SEASON,,33,2026-10-03T12:10:56.765964+00:00,2026-10-03T12:10:56.765965+00:00
Serie A,SA,,558311,2027-04-25T00:00:00Z,SCHEDULED,SSC Napoli,Udinese Calcio,113,115,REGULAR_SEASON,,33,2026-10-03T12:10:56.765967+00:00,2026-10-03T12:10:56.765969+00:00
Serie A,SA,,558312,2027-04-25T00:00:00Z,SCHEDULED,Parma Calcio 1913,Atalanta BC,112,102,REGULAR_SEASON,,33,2026-10-03T12:10:56.765971+00:00,2026-10-03T12:10:56.765972+00:00
Serie A,SA,,558313,2027-04-25T00:00:00Z,SCHEDULED,SS Lazio,Como 1907,110,7397,REGULAR_SEASON,,33,2026-10-03T12:10:56.765975+00:00,2026-10-03T12:10:56.765976+00:00
Serie A,SA,,558314,2027-04-25T00:00:00Z,SCHEDULED,Juventus FC,ACF Fiorentina,109,99,REGULAR_SEASON,,33,2026-10-03T12:10:56.765978+00:00,2026-10-03T12:10:56.765980+00:00
Serie A,SA,,558315,2027-04-25T00:00:00Z,SCHEDULED,Genoa CFC,US Sassuolo Calcio,107,471,REGULAR_SEASON,,33,2026-10-03T12:10:56.765982+00:00,2026-10-03T12:10:56.765983+00:00
Serie A,SA,,558316,2027-04-25T00:00:00Z,SCHEDULED,US Lecce,AC Milan,5890,98,REGULAR_SEASON,,33,2026-10-03T12:10:56.765985+00:00,2026-10-03T12:10:56.765987+00:00
Serie A,SA,,558317,2027-04-25T00:00:00Z,SCHEDULED,Venezia FC,Torino FC,454,586,REGULAR_SEASON,,33,2026-10-03T12:10:56.765989+00:00,2026-10-03T12:10:56.765990+00:00
Serie A,SA,,558318,2027-04-25T00:00:00Z,SCHEDULED,FC Internazionale Milano,Bologna FC 1909,108,103,REGULAR_SEASON,,33,2026-10-03T12:10:56.765992+00:00,2026-10-03T12:10:56.765994+00:00
Serie A,SA,,558299,2027-05-02T00:00:00Z,SCHEDULED,Atalanta BC,Juventus FC,102,109,REGULAR_SEASON,,34,2026-10-03T12:10:56.765996+00:00,2026-10-03T12:10:56.765997+00:00
Serie A,SA,,558300,2027-05-02T00:00:00Z,SCHEDULED,Torino FC,Parma Calcio 1913,586,112,REGULAR_SEASON,,34,2026-10-03T12:10:56.766010+00:00,2026-10-03T12:10:56.766013+00:00
Serie A,SA,,558301,2027-05-02T00:00:00Z,SCHEDULED,AC Milan,SS Lazio,98,110,REGULAR_SEASON,,34,2026-10-03T12:10:56.766016+00:00,2026-10-03T12:10:56.766018+00:00
Serie A,SA,,558302,2027-05-02T00:00:00Z,SCHEDULED,Udinese Calcio,Genoa CFC,115,107,REGULAR_SEASON,,34,2026-10-03T12:10:56.766020+00:00,2026-10-03T12:10:56.766021+00:00
Serie A,SA,,558303,2027-05-02T00:00:00Z,SCHEDULED,US Sassuolo Calcio,Frosinone Calcio,471,470,REGULAR_SEASON,,34,2026-10-03T12:10:56.766023+00:00,2026-10-03T12:10:56.766025+00:00
Serie A,SA,,558304,2027-05-02T00:00:00Z,SCHEDULED,Bologna FC 1909,ACF Fiorentina,103,99,REGULAR_SEASON,,34,2026-10-03T12:10:56.766027+00:00,2026-10-03T12:10:56.766028+00:00
Serie A,SA,,558305,2027-05-02T00:00:00Z,SCHEDULED,Como 1907,FC Internazionale Milano,7397,108,REGULAR_SEASON,,34,2026-10-03T12:10:56.766030+00:00,2026-10-03T12:10:56.766032+00:00
Serie A,SA,,558306,2027-05-02T00:00:00Z,SCHEDULED,AC Monza,Venezia FC,5911,454,REGULAR_SEASON,,34,2026-10-03T12:10:56.766034+00:00,2026-10-03T12:10:56.766035+00:00
Serie A,SA,,558307,2027-05-02T00:00:00Z,SCHEDULED,US Lecce,Cagliari Calcio,5890,104,REGULAR_SEASON,,34,2026-10-03T12:10:56.766037+00:00,2026-10-03T12:10:56.766039+00:00
Serie A,SA,,558308,2027-05-02T00:00:00Z,SCHEDULED,AS Roma,SSC Napoli,100,113,REGULAR_SEASON,,34,2026-10-03T12:10:56.766041+00:00,2026-10-03T12:10:56.766042+00:00
Serie A,SA,,558289,2027-05-09T00:00:00Z,SCHEDULED,Parma Calcio 1913,AC Milan,112,98,REGULAR_SEASON,,35,2026-10-03T12:10:56.766044+00:00,2026-10-03T12:10:56.766045+00:00
Serie A,SA,,558290,2027-05-09T00:00:00Z,SCHEDULED,Genoa CFC,Cagliari Calcio,107,104,REGULAR_SEASON,,35,2026-10-03T12:10:56.766048+00:00,2026-10-03T12:10:56.766049+00:00
Serie A,SA,,558291,2027-05-09T00:00:00Z,SCHEDULED,SS Lazio,US Sassuolo Calcio,110,471,REGULAR_SEASON,,35,2026-10-03T12:10:56.766051+00:00,2026-10-03T12:10:56.766053+00:00
Serie A,SA,,558292,2027-05-09T00:00:00Z,SCHEDULED,SSC Napoli,AC Monza,113,5911,REGULAR_SEASON,,35,2026-10-03T12:10:56.766055+00:00,2026-10-03T12:10:56.766056+00:00
Serie A,SA,,558293,2027-05-09T00:00:00Z,SCHEDULED,FC Internazionale Milano,US Lecce,108,5890,REGULAR_SEASON,,35,2026-10-03T12:10:56.766059+00:00,2026-10-03T12:10:56.766060+00:00
Serie A,SA,,558294,2027-05-09T00:00:00Z,SCHEDULED,Venezia FC,Como 1907,454,7397,REGULAR_SEASON,,35,2026-10-03T12:10:56.766062+00:00,2026-10-03T12:10:56.766063+00:00
Serie A,SA,,558295,2027-05-09T00:00:00Z,SCHEDULED,Udinese Calcio,Juventus FC,115,109,REGULAR_SEASON,,35,2026-10-03T12:10:56.766065+00:00,2026-10-03T12:10:56.766067+00:00
Serie A,SA,,558296,2027-05-09T00:00:00Z,SCHEDULED,Torino FC,Bologna FC 1909,586,103,REGULAR_SEASON,,35,2026-10-03T12:10:56.766069+00:00,2026-10-03T12:10:56.766070+00:00
Serie A,SA,,558297,2027-05-09T00:00:00Z,SCHEDULED,Frosinone Calcio,Atalanta BC,470,102,REGULAR_SEASON,,35,2026-10-03T12:10:56.766072+00:00,2026-10-03T12:10:56.766074+00:00
Serie A,SA,,558298,2027-05-09T00:00:00Z,SCHEDULED,ACF Fiorentina,AS Roma,99,100,REGULAR_SEASON,,35,2026-10-03T12:10:56.766076+00:00,2026-10-03T12:10:56.766077+00:00
Serie A,SA,,558279,2027-05-16T00:00:00Z,SCHEDULED,SSC Napoli,Genoa CFC,113,107,REGULAR_SEASON,,36,2026-10-03T12:10:56.766079+00:00,2026-10-03T12:10:56.766081+00:00
Serie A,SA,,558280,2027-05-16T00:00:00Z,SCHEDULED,US Lecce,ACF Fiorentina,5890,99,REGULAR_SEASON,,36,2026-10-03T12:10:56.766083+00:00,2026-10-03T12:10:56.766084+00:00
Serie A,SA,,558281,2027-05-16T00:00:00Z,SCHEDULED,SS Lazio,Udinese Calcio,110,115,REGULAR_SEASON,,36,2026-10-03T12:10:56.766087+00:00,2026-10-03T12:10:56.766088+00:00
Serie A,SA,,558282,2027-05-16T00:00:00Z,SCHEDULED,Bologna FC 1909,Frosinone Calcio,103,470,REGULAR_SEASON,,36,2026-10-03T12:10:56.766090+00:00,2026-10-03T12:10:56.766091+00:00
Serie A,SA,,558283,2027-05-16T00:00:00Z,SCHEDULED,Como 1907,Atalanta BC,7397,102,REGULAR_SEASON,,36,2026-10-03T12:10:56.766094+00:00,2026-10-03T12:10:56.766095+00:00
Serie A,SA,,558284,2027-05-16T00:00:00Z,SCHEDULED,Juventus FC,FC Internazionale Milano,109,108,REGULAR_SEASON,,36,2026-10-03T12:10:56.766097+00:00,2026-10-03T12:10:56.766099+00:00
Serie A,SA,,558285,2027-05-16T00:00:00Z,SCHEDULED,US Sassuolo Calcio,Venezia FC,471,454,REGULAR_SEASON,,36,2026-10-03T12:10:56.766101+00:00,2026-10-03T12:10:56.766102+00:00
Serie A,SA,,558286,2027-05-16T00:00:00Z,SCHEDULED,AC Monza,Parma Calcio 1913,5911,112,REGULAR_SEASON,,36,2026-10-03T12:10:56.766104+00:00,2026-10-03T12:10:56.766105+00:00
Serie A,SA,,558287,2027-05-16T00:00:00Z,SCHEDULED,AC Milan,AS Roma,98,100,REGULAR_SEASON,,36,2026-10-03T12:10:56.766108+00:00,2026-10-03T12:10:56.766109+00:00
Serie A,SA,,558288,2027-05-16T00:00:00Z,SCHEDULED,Cagliari Calcio,Torino FC,104,586,REGULAR_SEASON,,36,2026-10-03T12:10:56.766111+00:00,2026-10-03T12:10:56.766112+00:00
Serie A,SA,,558269,2027-05-23T00:00:00Z,SCHEDULED,AS Roma,Como 1907,100,7397,REGULAR_SEASON,,37,2026-10-03T12:10:56.766115+00:00,2026-10-03T12:10:56.766116+00:00
Serie A,SA,,558270,2027-05-23T00:00:00Z,SCHEDULED,Parma Calcio 1913,Juventus FC,112,109,REGULAR_SEASON,,37,2026-10-03T12:10:56.766118+00:00,2026-10-03T12:10:56.766120+00:00
Serie A,SA,,558271,2027-05-23T00:00:00Z,SCHEDULED,Torino FC,SSC Napoli,586,113,REGULAR_SEASON,,37,2026-10-03T12:10:56.766122+00:00,2026-10-03T12:10:56.766123+00:00
Serie A,SA,,558272,2027-05-23T00:00:00Z,SCHEDULED,Atalanta BC,US Lecce,102,5890,REGULAR_SEASON,,37,2026-10-03T12:10:56.766125+00:00,2026-10-03T12:10:56.766127+00:00
Serie A,SA,,558273,2027-05-23T00:00:00Z,SCHEDULED,FC Internazionale Milano,SS Lazio,108,110,REGULAR_SEASON,,37,2026-10-03T12:10:56.766129+00:00,2026-10-03T12:10:56.766130+00:00
Serie A,SA,,558274,2027-05-23T00:00:00Z,SCHEDULED,Udinese Calcio,US Sassuolo Calcio,115,471,REGULAR_SEASON,,37,2026-10-03T12:10:56.766133+00:00,2026-10-03T12:10:56.766134+00:00
Serie A,SA,,558275,2027-05-23T00:00:00Z,SCHEDULED,Frosinone Calcio,Cagliari Calcio,470,104,REGULAR_SEASON,,37,2026-10-03T12:10:56.766136+00:00,2026-10-03T12:10:56.766137+00:00
Serie A,SA,,558276,2027-05-23T00:00:00Z,SCHEDULED,ACF Fiorentina,AC Monza,99,5911,REGULAR_SEASON,,37,2026-10-03T12:10:56.766140+00:00,2026-10-03T12:10:56.766141+00:00
Serie A,SA,,558277,2027-05-23T00:00:00Z,SCHEDULED,Venezia FC,AC Milan,454,98,REGULAR_SEASON,,37,2026-10-03T12:10:56.766143+00:00,2026-10-03T12:10:56.766144+00:00
Serie A,SA,,558278,2027-05-23T00:00:00Z,SCHEDULED,Genoa CFC,Bologna FC 1909,107,103,REGULAR_SEASON,,37,2026-10-03T12:10:56.766146+00:00,2026-10-03T12:10:56.766148+00:00
Serie A,SA,,558259,2027-05-30T00:00:00Z,SCHEDULED,AC Milan,Udinese Calcio,98,115,REGULAR_SEASON,,38,2026-10-03T12:10:56.766150+00:00,2026-10-03T12:10:56.766151+00:00
Serie A,SA,,558260,2027-05-30T00:00:00Z,SCHEDULED,Juventus FC,Frosinone Calcio,109,470,REGULAR_SEASON,,38,2026-10-03T12:10:56.766153+00:00,2026-10-03T12:10:56.766155+00:00
Serie A,SA,,558261,2027-05-30T00:00:00Z,SCHEDULED,AC Monza,Torino FC,5911,586,REGULAR_SEASON,,38,2026-10-03T12:10:56.766157+00:00,2026-10-03T12:10:56.766158+00:00
Serie A,SA,,558262,2027-05-30T00:00:00Z,SCHEDULED,US Sassuolo Calcio,FC Internazionale Milano,471,108,REGULAR_SEASON,,38,2026-10-03T12:10:56.766160+00:00,2026-10-03T12:10:56.766162+00:00
Serie A,SA,,558263,2027-05-30T00:00:00Z,SCHEDULED,Cagliari Calcio,AS Roma,104,100,REGULAR_SEASON,,38,2026-10-03T12:10:56.766164+00:00,2026-10-03T12:10:56.766165+00:00
Serie A,SA,,558264,2027-05-30T00:00:00Z,SCHEDULED,SS Lazio,ACF Fiorentina,110,99,REGULAR_SEASON,,38,2026-10-03T12:10:56.766167+00:00,2026-10-03T12:10:56.766168+00:00
Serie A,SA,,558265,2027-05-30T00:00:00Z,SCHEDULED,Como 1907,Genoa CFC,7397,107,REGULAR_SEASON,,38,2026-10-03T12:10:56.766171+00:00,2026-10-03T12:10:56.766172+00:00
Serie A,SA,,558266,2027-05-30T00:00:00Z,SCHEDULED,SSC Napoli,Atalanta BC,113,102,REGULAR_SEASON,,38,2026-10-03T12:10:56.766174+00:00,2026-10-03T12:10:56.766175+00:00
Serie A,SA,,558267,2027-05-30T00:00:00Z,SCHEDULED,US Lecce,Venezia FC,5890,454,REGULAR_SEASON,,38,2026-10-03T12:10:56.766178+00:00,2026-10-03T12:10:56.766179+00:00
Serie A,SA,,558268,2027-05-30T00:00:00Z,SCHEDULED,Bologna FC 1909,Parma Calcio 1913,103,112,REGULAR_SEASON,,38,2026-10-03T12:10:56.766181+00:00,2026-10-03T12:10:56.766182+00:00
