{
    "accuracy": 0.4826086956521739,
    "train_rows": 82683,
    "test_rows": 1610,
    "train_seasons": [
        "1011",
        "1112",
        "1213",
        "1314",
        "1415",
        "1516",
        "1718",
        "1920",
        "1993/94",
        "1994/95",
        "1995/96",
        "1996/97",
        "1997/98",
        "1998/99",
        "1999/00",
        "2000/01",
        "2001/02",
        "2002/03",
        "2003/04",
        "2004/05",
        "2005/06",
        "2006/07",
        "2007/08",
        "2008/09",
        "2009/10",
        "2010/11",
        "2011/12",
        "2012/13",
        "2013/14",
        "2014/15",
        "2015/16",
        "2016/17",
        "2017/18",
        "2018/19",
        "2019/20",
        "2020/21",
        "2021/22",
        "2022/23",
        "2023/24",
        "2024/25",
        "2025/26",
        "2223",
        "506",
        "607"
    ],
    "test_seasons": [
        "708",
        "809",
        "910"
    ],
    "target_mapping": {
        "0": "Away Win",
        "1": "Draw",
        "2": "Home Win"
    },
    "classification_report": {
        "Away Win": {
            "precision": 0.4274028629856851,
            "recall": 0.4354166666666667,
            "f1-score": 0.43137254901960786,
            "support": 480.0
        },
        "Draw": {
            "precision": 0.34444444444444444,
            "recall": 0.07506053268765134,
            "f1-score": 0.12326043737574553,
            "support": 413.0
        },
        "Home Win": {
            "precision": 0.5208535402521823,
            "recall": 0.7489539748953975,
            "f1-score": 0.61441647597254,
            "support": 717.0
        },
        "accuracy": 0.4826086956521739,
        "macro avg": {
            "precision": 0.4309002825607706,
            "recall": 0.41981039141657184,
            "f1-score": 0.38968315412263116,
            "support": 1610.0
        },
        "weighted avg": {
            "precision": 0.4477397007139747,
            "recall": 0.4826086956521739,
            "f1-score": 0.43385217232168066,
            "support": 1610.0
        }
    },
    "confusion_matrix": [
        [
            209,
            27,
            244
        ],
        [
            132,
            31,
            250
        ],
        [
            148,
            32,
            537
        ]
    ],
    "feature_importance": [
        {
            "feature": "elo_diff",
            "importance": 0.16121715307235718
        },
        {
            "feature": "home_streak",
            "importance": 0.06154199689626694
        },
        {
            "feature": "away_streak",
            "importance": 0.05968378856778145
        },
        {
            "feature": "home_sot_form",
            "importance": 0.05614639073610306
        },
        {
            "feature": "h2h_away_wins",
            "importance": 0.0465879924595356
        },
        {
            "feature": "away_sot_form",
            "importance": 0.04620920121669769
        },
        {
            "feature": "h2h_total",
            "importance": 0.04347781091928482
        },
        {
            "feature": "away_shots_form",
            "importance": 0.042130954563617706
        },
        {
            "feature": "home_shots_form",
            "importance": 0.03967637941241264
        },
        {
            "feature": "h2h_draws",
            "importance": 0.036288969218730927
        },
        {
            "feature": "h2h_home_rate",
            "importance": 0.02944648265838623
        },
        {
            "feature": "home_win_rate",
            "importance": 0.028093663975596428
        },
        {
            "feature": "home_cs_rate",
            "importance": 0.022363193333148956
        },
        {
            "feature": "home_elo",
            "importance": 0.022155504673719406
        },
        {
            "feature": "h2h_home_wins",
            "importance": 0.021328456699848175
        },
        {
            "feature": "away_win_rate",
            "importance": 0.020755203440785408
        },
        {
            "feature": "home_points_form5",
            "importance": 0.020665958523750305
        },
        {
            "feature": "away_elo",
            "importance": 0.018403517082333565
        },
        {
            "feature": "away_points_form5",
            "importance": 0.018132900819182396
        },
        {
            "feature": "away_points_form10",
            "importance": 0.01597852259874344
        },
        {
            "feature": "home_gd_form",
            "importance": 0.015658434480428696
        },
        {
            "feature": "home_points_form10",
            "importance": 0.015597444958984852
        },
        {
            "feature": "home_fts_rate",
            "importance": 0.015414196066558361
        },
        {
            "feature": "away_cs_rate",
            "importance": 0.014564103446900845
        },
        {
            "feature": "away_fts_rate",
            "importance": 0.014524446800351143
        },
        {
            "feature": "home_conceded_form",
            "importance": 0.01269600261002779
        },
        {
            "feature": "away_gd_form",
            "importance": 0.012098117731511593
        },
        {
            "feature": "season_stage",
            "importance": 0.012035290710628033
        },
        {
            "feature": "away_defence_strength",
            "importance": 0.011434383690357208
        },
        {
            "feature": "home_goals_form",
            "importance": 0.011402453295886517
        },
        {
            "feature": "home_attack_strength",
            "importance": 0.011140433140099049
        },
        {
            "feature": "home_defence_strength",
            "importance": 0.010837789624929428
        },
        {
            "feature": "away_attack_strength",
            "importance": 0.010824039578437805
        },
        {
            "feature": "away_goals_form",
            "importance": 0.010749097913503647
        },
        {
            "feature": "away_conceded_form",
            "importance": 0.010739736258983612
        }
    ],
    "model_features": [
        "home_goals_form",
        "away_goals_form",
        "home_conceded_form",
        "away_conceded_form",
        "home_shots_form",
        "away_shots_form",
        "home_sot_form",
        "away_sot_form",
        "home_gd_form",
        "away_gd_form",
        "home_points_form5",
        "away_points_form5",
        "home_points_form10",
        "away_points_form10",
        "home_win_rate",
        "away_win_rate",
        "home_cs_rate",
        "away_cs_rate",
        "home_fts_rate",
        "away_fts_rate",
        "home_elo",
        "away_elo",
        "elo_diff",
        "home_streak",
        "away_streak",
        "home_attack_strength",
        "away_attack_strength",
        "home_defence_strength",
        "away_defence_strength",
        "season_stage",
        "h2h_home_wins",
        "h2h_away_wins",
        "h2h_draws",
        "h2h_total",
        "h2h_home_rate"
    ]
}